y_true,y_pred
91.0,93.74
96.0,93.065
94.0,94.0
94.0,94.0
95.0,94.405
93.0,94.295
94.0,92.145
97.0,93.24
94.0,94.03
87.0,93.455
94.0,94.0
93.0,93.64
94.0,94.0
96.0,94.73
94.0,93.83
94.0,93.005
94.0,95.11
94.0,93.255
90.0,92.685
92.0,92.15
96.0,93.245
92.0,94.33
91.0,93.23
96.0,94.925
94.0,93.275
94.5,92.065
88.0,94.53
94.0,94.0
96.0,92.9
97.0,94.575
93.0,93.49
94.0,94.0
94.0,93.11
93.0,92.62
94.0,93.255
96.0,92.945
91.0,93.3
94.0,95.1
94.0,93.93
94.0,94.0
89.5,93.01
94.0,94.0
98.0,93.39
92.0,95.035
81.0,87.74
94.0,92.375
94.0,94.0
95.0,92.605
94.0,92.52
96.0,92.63
94.0,93.525
99.0,93.455
94.0,91.465
93.0,95.535
95.5,96.4
95.0,92.04
96.0,94.435
94.0,94.0
94.0,94.0
98.0,93.845
92.5,92.615
97.0,92.62
94.0,92.29
94.0,94.0
93.0,93.545
95.0,91.655
94.0,93.455
93.5,92.845
99.0,96.38
94.0,94.0
94.0,94.915
94.0,92.54
93.0,92.925
93.0,93.54
89.0,92.9
95.0,94.47
96.0,94.24
90.0,90.915
89.0,92.405
90.0,92.695
96.0,94.56
89.0,92.645
94.0,94.0
96.0,94.385
97.0,91.545
90.0,92.37622222222222
95.0,93.545
94.0,94.0
93.0,93.44
94.0,94.0
92.0,93.175
94.0,94.0
94.0,94.0
94.0,94.0
97.0,93.455
94.0,93.375
94.0,94.0
96.0,93.645
93.0,92.49
88.0,91.735
94.0,94.0
94.0,94.0
94.0,95.01
94.0,94.0
90.0,92.98
96.0,96.055
96.0,93.625
96.0,92.89
89.0,93.77666666666669
89.0,92.93
94.0,94.0
94.0,94.0
89.0,94.15
94.0,93.98
94.0,94.215
94.0,94.0
93.0,93.865
91.0,93.01
95.0,92.295
94.0,94.0
87.0,93.035
84.0,90.81
84.0,90.775
94.0,93.29
94.0,94.0
94.0,94.0
94.0,94.0
96.0,94.155
94.0,93.47
97.0,96.13
94.0,94.0
94.0,92.195
95.0,92.22
91.0,92.905
94.0,94.0
89.0,92.72
96.0,91.24
93.0,94.6
94.0,94.0
93.0,94.93
98.0,95.875
92.5,93.16
94.0,91.195
88.0,93.705
94.0,94.0
98.0,95.19
94.0,93.265
97.0,94.625
95.0,92.805
96.0,95.06052686202685
94.0,94.0
94.0,94.0
92.0,92.63
94.0,94.0
94.0,94.0
95.0,94.49
94.0,94.0
98.0,92.555
94.0,94.0
89.0,93.535
89.0,94.265
97.0,92.23
94.0,92.28
82.0,92.93
88.0,92.85
93.0,93.17
91.0,93.415
94.0,94.0
95.0,93.2
91.0,94.62
99.0,95.54
90.0,93.925
94.0,94.0
90.5,92.195
87.0,93.11
89.0,93.12
93.0,93.665
92.0,93.815
93.0,93.08
94.0,94.0
94.0,94.0
96.0,95.16
83.0,92.725
94.0,94.0
97.0,95.375
95.0,93.97
94.0,93.83
95.0,91.95
91.0,94.385
93.5,93.915
95.0,94.07
94.0,94.0
89.0,91.975
97.0,95.755
90.0,93.22
91.0,92.225
84.0,92.26
94.0,94.0
88.0,93.29
92.5,93.535
94.0,96.085
93.0,93.66
94.0,94.0
94.0,94.0
92.0,92.74
91.0,93.445
97.0,95.31
91.0,92.71
90.0,94.37
90.5,93.08
92.0,92.375
94.0,94.0
92.0,93.925
94.0,95.4
95.5,92.985
96.0,94.64
89.5,93.355
95.0,92.44
94.0,94.0
97.0,93.27
95.0,95.17
94.0,95.4
95.0,94.515
94.0,94.0
98.0,93.305
94.0,93.87
86.0,92.975
91.0,93.165
94.5,92.63
90.0,92.685
91.0,94.715
96.0,94.855
84.0,92.185
89.0,92.945
92.0,91.605
89.0,95.455
94.0,93.26
95.0,95.435
94.0,94.735
88.0,93.46
93.0,91.775
97.0,94.775
94.0,94.0
95.0,94.94
92.0,92.18
93.0,88.405
96.0,93.57
94.0,94.0
99.0,95.075
97.5,94.575
97.0,92.97
92.0,93.89
99.0,94.18642857142856
93.0,94.58
97.0,93.605
94.0,94.0
93.0,94.54
92.0,94.285
94.0,93.93
94.0,91.495
98.0,95.775
93.0,92.27
99.0,94.165
97.5,96.36
98.0,93.32
94.0,94.0
92.0,91.31
94.0,94.0
93.0,92.42
96.0,94.52
94.0,93.885
93.5,92.805
94.0,93.98
94.0,91.835
94.0,94.0
100.0,93.375
92.0,92.56
88.0,93.95
97.0,94.985
92.0,92.89
94.0,94.0
89.0,92.61
93.0,95.395
96.0,94.535
97.0,96.28
95.0,93.655
95.0,93.76
82.0,89.195
96.0,92.0
98.0,95.23
94.0,94.0
96.0,95.82
94.0,94.0
92.0,92.045
78.0,88.88
96.0,93.35
97.0,93.5866646851171
94.0,94.62
95.0,94.025
96.0,93.225
86.0,92.385
89.5,92.425
94.0,93.93
94.0,94.0
97.0,91.66
97.0,92.96
94.0,94.28
97.0,93.99891666666666
92.0,92.815
92.0,92.195
94.5,93.235
95.0,94.455
92.0,94.375
97.0,93.805
94.0,94.0
97.0,93.66
95.5,94.385
91.0,94.135
97.0,94.34
98.0,93.28
88.5,92.82
91.0,92.615
96.0,93.84
99.0,93.74
90.0,92.565
93.0,92.6
95.0,90.12
94.0,94.0
94.0,94.0
94.0,94.0
94.0,94.0
94.0,93.41
97.0,94.365
93.0,93.37
90.0,92.54
98.0,95.715
97.0,92.475
94.0,94.0
93.0,94.21
94.0,91.745
96.0,94.075
94.0,94.285
94.0,93.95
94.0,94.0
95.0,92.935
93.0,92.52
95.0,94.68
94.0,93.86
89.0,93.89
97.5,91.89
94.0,94.0
93.0,92.71
94.0,94.0
94.0,93.25
99.0,94.14
94.0,92.17
96.0,93.0
93.0,92.165
90.0,94.84
94.0,93.775
88.0,90.795
94.0,94.0
92.5,93.64
94.0,94.0
94.0,94.0
96.0,95.645
93.0,93.905
98.0,92.67
94.0,94.0
98.0,94.09
94.0,92.555
94.0,94.015
93.0,95.07982142857144
97.0,94.32
96.0,94.27
94.0,94.0
89.0,91.73
94.0,94.0
93.0,93.005
94.0,94.0
95.0,93.415
91.0,91.945
88.0,91.285
96.0,93.18
93.0,94.81670940170939
92.0,93.21
94.0,94.0
94.0,94.045
93.0,94.34
93.0,91.685
94.0,94.0
93.0,93.185
94.0,93.205
88.0,93.945
88.0,92.345
90.0,94.61
94.0,94.0
94.0,94.0
94.0,94.0
98.0,95.17
93.0,93.085
88.0,92.315
95.0,93.37
99.0,93.505
94.0,94.0
90.0,94.0
94.0,94.0
95.0,92.2
94.0,94.0
94.0,94.0
98.0,95.22
94.0,92.78
93.0,93.81
92.0,94.14
94.0,94.0
94.0,94.0
94.0,94.0
95.0,91.99
94.0,94.0
91.0,93.49
95.0,93.2
87.0,90.925
94.0,94.0
94.0,94.0
88.0,93.79
96.0,92.47
94.0,92.715
95.0,91.5
87.5,92.285
94.0,93.96
96.0,93.105
89.0,93.105
95.0,91.88
94.0,94.0
96.0,94.01
97.0,95.53
98.0,92.855
96.0,95.245
89.0,89.85
91.0,92.94
94.0,93.97
94.0,94.0
95.0,93.115
91.5,93.55
89.0,94.84
94.0,94.0
90.0,92.57
95.0,93.415
95.0,94.77
98.0,94.69
96.0,93.54
96.0,92.295
96.0,92.995
96.0,94.46
94.5,90.855
94.5,93.40166666666669
95.0,94.245
95.0,91.715
94.0,94.0
92.0,91.32
93.0,93.96
92.0,93.08
93.0,93.655
96.0,96.63
99.0,94.85
96.0,94.97
94.5,93.28
96.0,94.99
94.0,92.05
93.0,93.01
95.0,94.84
95.0,94.4
86.0,92.51
94.0,93.225
95.0,94.045
97.0,94.105
88.0,93.685
87.0,92.79
94.0,94.0
92.0,91.695
95.5,93.695
91.0,95.565
97.0,95.435
96.5,94.115
95.0,95.07
98.0,94.865
94.0,94.0
93.0,92.25
91.0,93.31
94.0,94.0
93.0,93.495
94.0,95.175
94.0,94.0
91.0,93.06
94.0,93.285
94.0,94.0
98.0,94.985
98.0,95.965
94.0,94.0
91.5,93.785
87.0,94.205
91.0,93.33
97.0,93.445
92.0,90.745
94.5,93.01
94.0,94.0
91.0,93.03
93.5,95.21
97.0,93.63
88.0,93.745
96.0,93.28
93.0,95.305
97.0,93.295
98.0,92.555
94.0,94.0
88.0,93.185
92.0,92.905
97.0,92.335
90.0,93.55
97.0,95.865
94.5,91.89
95.0,90.63
93.0,93.7003846153846
94.0,94.625
89.0,93.7
98.0,94.47
94.0,94.0
94.0,94.0
96.0,93.39
95.0,92.26
89.0,92.975
94.0,92.295
97.0,96.845
96.0,92.3
94.0,94.0
94.0,91.105
96.0,95.3
94.0,94.0
95.5,93.435
94.0,93.91
92.0,92.225
94.0,93.98
93.0,91.46
96.0,92.5
89.0,93.86
92.0,93.845
98.0,92.825
81.0,94.385
94.0,94.0
93.0,94.35
89.0,94.495
93.5,92.955
94.0,92.58
90.0,92.4
92.0,93.645
91.0,92.595
92.0,92.83
97.0,95.195
92.0,92.84
96.0,96.11
97.0,94.275
92.5,93.83
95.0,92.49
96.0,94.37
93.0,93.01
97.0,94.38
94.0,94.0
95.0,93.635
89.0,93.825
94.0,94.0
94.0,94.0
95.0,94.76
92.5,93.0
94.0,94.0
99.0,92.715
91.0,94.135
94.0,93.89
94.0,94.0
95.0,91.85
93.0,89.835
91.0,92.11
94.0,94.0
98.0,92.44
91.0,92.085
96.5,93.835
89.0,91.005
88.0,93.055
94.0,94.0
94.0,94.19
98.0,92.7
89.0,95.72
94.0,94.0
93.0,95.47
94.0,91.185
95.0,92.165
95.5,92.92
94.0,93.73
98.0,93.455
92.5,92.5
89.0,93.625
98.0,93.66
93.0,92.9
95.0,92.615
98.0,94.63
94.0,94.0
96.0,95.025
90.0,94.795
94.0,94.0
92.0,93.68
90.0,92.12
98.0,94.44
94.0,94.0
95.0,93.815
85.0,91.275
86.0,89.72
98.0,91.745
92.0,94.055
95.0,92.77
89.0,93.43
99.0,95.31
94.0,92.92
93.5,93.65
97.0,93.9357142857143
95.0,92.545
94.0,94.0
96.0,92.52
97.0,92.785
94.0,94.0
92.0,92.255
91.0,94.8
94.0,93.675
97.0,95.03
96.0,93.865
93.0,94.35
94.0,94.0
87.0,89.64
92.0,90.945
90.0,94.28
94.0,94.0
91.0,96.1
88.0,93.645
94.0,92.58
86.0,92.22
95.0,93.53
97.0,92.145
95.0,94.39
91.0,91.595
96.0,92.93
99.0,95.26
96.0,93.79
94.0,94.0
94.0,92.395
96.0,93.095
99.0,93.57
88.0,92.095
94.0,94.23
92.0,92.03
93.0,93.005
91.0,94.305
89.0,93.75
86.0,92.265
93.0,93.58
97.0,94.62
95.0,93.285
92.0,92.715
89.0,92.265
95.0,94.925
94.0,94.0
97.0,94.21
93.0,94.705
98.0,92.3
88.0,91.495
95.0,93.045
95.0,94.45
95.0,93.65
95.0,95.345
95.0,93.89
95.0,92.56
94.0,94.0
94.0,94.0
93.0,94.34666666666668
97.0,93.965
93.0,91.18
94.0,94.0
90.5,93.68
92.5,94.39
96.0,94.35
89.0,94.2
86.0,91.125
98.0,94.155
94.0,94.0
90.0,92.17
94.0,93.15
97.0,94.155
88.0,94.21
94.0,94.0
94.0,94.0
85.0,92.05
94.0,94.0
94.0,94.0
81.0,93.37
96.0,93.56
88.0,93.685
82.0,88.48
94.0,94.0
97.0,96.55
89.0,93.16
91.0,94.11
90.0,93.57
92.0,94.415
95.0,95.565
95.0,91.32
97.0,92.475
92.0,94.42
98.0,93.825
89.0,92.79
93.5,92.535
92.0,93.085
98.0,94.54
93.0,93.465
93.0,94.425
89.0,92.74
97.0,94.805
94.0,94.0
89.0,91.445
94.0,94.0
95.0,94.655
97.0,93.035
88.0,93.285
97.5,92.58
86.0,93.415
98.0,95.765
94.0,93.845
90.0,93.985
97.0,94.69
96.0,93.695
94.0,93.895
97.0,93.135
99.0,94.66
94.0,94.0
95.0,95.375
95.0,95.51
94.0,94.0
96.0,92.27
92.0,89.1583134920635
100.0,96.015
95.0,95.215
94.0,94.0
91.0,94.325
91.0,91.94
92.0,94.675
94.0,94.0
94.0,94.0
91.0,93.745
95.0,93.36
94.0,94.0
97.0,92.785
89.0,94.72
91.5,90.165
96.0,93.3
90.5,92.805
91.5,93.53692611555111
96.0,92.985
89.0,93.57
93.0,93.195
94.0,91.75
97.0,93.22
93.0,92.62
94.5,93.975
94.0,92.65
97.0,93.615
91.0,93.135
96.0,93.015
92.0,93.44
95.0,91.75
93.0,93.13
94.0,93.1
90.5,92.87
93.5,93.295
92.0,92.98
94.0,94.0
91.0,91.925
98.0,94.2
96.0,94.045
82.0,93.31
94.0,93.785
86.0,92.115
86.0,93.805
94.0,94.0
95.0,93.335
94.0,93.96
95.0,92.94
94.0,95.27
95.0,94.72
93.0,91.715
92.5,93.17
84.0,92.28
94.0,92.715
95.0,95.525
90.0,94.695
93.0,93.325
93.0,93.16
93.0,92.77
88.0,92.71
94.0,94.0
94.0,94.0
94.0,94.0
97.0,92.595
90.0,93.98
96.0,93.025
92.0,93.38
92.0,91.045
94.0,94.0
87.0,94.29
87.0,91.26
98.0,93.735
92.0,91.515
94.0,93.94
80.0,85.26
93.0,90.445
92.0,95.635
92.5,93.27
92.0,91.83
96.0,94.675
98.0,95.36
90.0,94.245
94.0,94.0
99.0,96.155
89.0,92.595
92.0,91.61
93.5,93.73
97.0,94.52
94.0,94.06
94.0,94.0
94.0,93.405
94.0,94.0
93.0,93.03
95.0,92.46
96.0,92.99
81.0,93.215
99.0,95.455
93.0,91.55
94.0,94.0
88.0,92.225
90.0,93.015
96.0,93.13799999999999
90.0,94.02
91.0,93.115
94.0,92.63
94.0,94.0
93.0,93.12
87.0,93.565
94.0,94.0
91.0,92.94
90.0,94.75
92.0,93.255
94.0,94.0
94.0,94.0
94.0,94.0
94.0,93.8
91.0,92.74
94.5,95.145
92.0,91.91
94.0,93.95
84.0,91.955
94.0,94.0
94.0,94.0
95.0,94.77
95.0,92.81
94.0,94.0
94.0,94.0
96.0,93.66
95.0,94.915
91.0,93.29
84.0,95.265
95.0,92.455
95.0,94.115
95.0,94.035
89.0,94.845
96.0,93.175
94.0,94.0
93.0,93.455
93.5,93.39
92.0,93.64
95.0,93.97
95.0,92.955
94.0,94.0
93.5,92.295
99.0,95.07
94.0,94.0
94.0,93.93
98.0,94.06
97.0,95.41
87.0,93.45
94.0,94.0
90.0,93.095
91.0,93.615
97.0,91.705
86.0,90.595
96.0,91.925
92.0,93.225
94.0,94.0
92.0,93.93
94.0,93.89
94.5,93.895
96.0,94.125
94.0,94.0
93.0,93.655
96.0,93.43
91.0,93.02
93.0,93.86
91.0,93.305
92.0,93.0
95.0,91.955
91.0,93.27
97.0,95.29
94.0,94.0
95.0,93.33
89.5,95.24
93.0,94.36
94.0,94.12
95.0,95.595
96.0,92.975
94.0,94.0
95.0,95.01
94.0,94.0
94.0,93.7
93.0,92.565
92.0,91.625
90.0,91.985
94.0,94.0
90.0,94.105
96.0,95.415
95.0,92.37
94.0,93.87
94.0,94.0
93.0,94.4
94.0,96.105
94.0,93.425
95.0,94.76
94.0,94.0
93.0,94.39
91.0,93.89
93.0,93.37
94.0,93.245
89.0,92.325
97.0,94.745
91.5,93.875
94.0,94.0
95.0,93.84
89.0,91.75
94.0,94.0
91.0,93.43
95.0,94.005
91.0,94.61
94.0,94.0
96.0,94.36
96.0,93.705
94.0,94.0
94.0,94.0
94.0,92.08
99.0,94.67
98.0,94.645
94.0,94.0
94.0,94.0
96.0,92.895
93.0,94.52
96.0,93.635
91.0,93.72
94.0,94.0
91.0,93.8
94.0,92.88
93.0,95.07
91.0,94.685
94.0,94.0
92.0,93.54
92.0,91.545
95.0,92.14
94.0,92.69
98.0,95.44
95.0,90.325
97.0,95.46
97.0,92.675
92.0,93.945
94.0,94.0
83.0,92.215
97.0,93.555
97.0,93.73
91.0,92.865
95.0,94.16
96.0,94.2
95.0,93.385
90.0,92.28
98.0,90.7
97.0,93.175
95.0,95.29
93.0,94.145
94.0,94.0
96.0,93.41
87.0,92.055
95.0,92.11
94.0,94.0
96.0,95.395
88.0,94.255
94.0,94.06
90.0,92.475
94.0,95.355
94.0,94.0
95.0,93.28
74.0,93.855
94.0,94.0
97.0,94.155
93.0,94.665
95.0,94.71
94.0,94.0
94.0,94.0
94.0,94.0
100.0,92.65
97.0,93.755
96.0,93.755
98.0,94.0
93.0,92.49
97.0,91.38
92.0,94.89
96.0,93.935
96.0,94.75
94.0,94.0
97.0,94.585
88.0,90.545
91.0,91.985
98.0,94.765
97.0,91.15
85.0,92.41
91.0,95.02
97.0,96.515
92.0,93.895
92.0,94.18
97.0,93.195
93.0,94.74
97.0,93.06
94.0,94.0
97.0,94.785
96.0,93.635
95.0,95.39
96.0,94.195
97.0,95.135
91.0,93.5
81.0,93.82
91.0,95.055
93.0,91.415
93.0,94.32
88.0,92.355
94.0,94.0
95.0,94.7
92.0,93.13
94.0,94.0
94.0,94.0
95.0,93.93
88.0,93.205
94.0,93.85
94.0,94.0
98.0,93.33
94.0,94.0
96.0,94.95
93.5,92.305
98.0,96.91
95.0,96.185
94.0,94.0
96.0,91.195
94.0,94.0
95.0,92.62
94.0,94.0
98.0,95.77
97.0,93.715
94.0,94.0
94.0,94.0
96.0,92.18
88.5,92.825
94.0,94.0
90.5,92.435
100.0,94.68
94.0,95.03
94.0,92.945
94.0,94.0
98.0,92.85
92.0,92.495
76.0,92.71
94.0,93.86
92.0,93.425
94.0,94.0
94.0,94.0
94.0,94.0
95.0,94.725
89.0,91.34
93.0,93.815
95.0,94.06
97.0,90.75
85.0,93.505
94.0,94.0
96.0,93.41
100.0,93.24
94.0,94.0
87.0,93.205
86.0,91.94
94.0,93.93
93.5,92.8
92.0,93.52
97.0,94.08
96.0,94.44
89.0,94.575
98.5,92.81
93.0,95.45
97.0,90.745
94.0,93.01
94.0,94.0
98.5,93.74
89.0,93.765
93.0,93.26
91.0,93.525
94.0,94.0
94.0,94.0
91.0,92.885
94.0,94.0
92.0,93.805
98.0,94.405
94.0,93.99
90.5,92.615
96.0,93.235
97.0,92.91
92.0,92.925
98.0,93.435
95.0,94.32
94.0,92.71
94.0,94.0
94.0,94.195
95.0,94.175
94.0,92.215
97.0,94.305
92.0,95.74
88.0,92.83
93.0,93.29
94.0,90.79
95.0,93.545
94.0,94.0
94.0,94.0
95.0,93.085
93.0,92.66
96.0,94.21
97.0,91.61
96.0,93.19
97.0,94.64
93.0,90.845
95.0,92.98833333333334
95.0,93.195
95.0,92.895
86.5,92.02
89.0,92.565
92.0,91.555
98.0,93.005
86.0,90.81
95.0,92.105
92.0,94.33
92.0,92.52
97.0,91.92
94.0,94.0
94.0,93.415
94.0,93.595
90.0,92.495
95.0,95.055
94.0,94.0
94.0,94.0
96.0,96.055
95.0,90.375
92.0,93.09
88.0,94.27
91.0,92.93
93.0,93.485
94.0,94.0
94.0,94.0
87.0,93.485
92.0,95.93
91.0,92.845
98.0,96.14
98.0,93.685
95.0,93.88
94.0,94.0
92.0,93.37
94.0,94.18
97.0,94.44
91.5,92.895
97.0,94.64
94.0,94.0
94.0,94.0
94.0,94.0
88.0,91.745
94.0,94.0
91.0,92.205
94.0,94.025
93.0,94.29
95.0,93.225
94.0,94.0
84.0,93.145
94.0,94.0
95.0,92.51
89.5,93.22
94.0,94.0
94.0,94.0
88.0,92.27
93.0,93.22
94.5,92.14
98.0,94.87
98.0,93.53
94.0,94.0
98.0,96.16
97.0,94.395
95.0,92.055
92.0,92.855
94.0,94.0
92.0,93.985
94.0,94.0
94.0,94.0
89.5,93.615
94.0,94.0
97.0,95.4767094017094
95.0,93.285
94.0,93.435
97.0,94.435
88.5,91.395
91.0,94.63
94.0,94.055
99.0,94.495
91.0,93.73
94.0,94.0
94.0,94.0
95.0,94.205
92.0,92.275
94.0,93.815
90.0,92.135
96.0,94.105
83.0,90.775
97.5,93.97
96.0,94.875
89.5,90.82
94.0,94.0
94.0,93.98
99.0,93.955
94.0,91.68
95.0,94.415
92.0,93.605
94.0,93.99
95.5,93.445
94.0,94.0
97.0,93.055
91.5,92.49
94.0,91.665
94.0,94.0
94.0,94.0
94.0,94.0
94.0,94.0
87.0,94.125
88.0,93.34
91.0,90.425
97.0,94.215
91.0,94.1
95.0,92.695
94.0,94.0
92.0,93.285
94.0,93.805
95.0,92.65
99.0,95.0
88.0,94.56
94.0,94.0
94.0,93.45
94.0,92.96
96.0,94.29
87.0,95.2
94.0,94.0
94.0,94.0
95.0,92.73
94.0,94.37
91.0,94.7
99.0,96.205
92.0,94.75
94.0,94.045
97.0,93.635
94.0,92.585
96.0,95.375
96.0,93.715
90.0,93.485
91.0,91.875
94.0,94.0
99.0,93.09
86.0,91.345
94.0,92.58
94.0,94.0
94.0,94.0
88.0,93.38
93.0,93.22
91.5,92.8
94.0,94.0
94.0,94.0
94.0,94.0
95.0,93.11
94.0,93.805
96.0,91.615
93.0,94.515
96.0,91.88
94.0,94.0
98.0,94.575
98.0,94.89
100.0,90.11
94.0,94.0
99.0,90.48
88.0,91.28
96.0,93.685
93.0,93.61
95.0,92.915
93.0,91.96
97.0,92.575
94.0,93.98
94.0,94.0
94.0,94.0
94.0,94.0
89.0,92.705
94.0,91.565
98.0,96.485
93.0,94.08
99.0,92.155
93.0,94.735
96.0,94.475
99.0,93.575
97.0,94.015
94.0,93.25
96.0,92.38
94.0,94.0
98.0,94.33
94.0,94.0
98.0,95.155
98.0,93.485
87.0,93.54
94.0,93.98
94.0,94.0
96.0,93.24
95.0,92.82
97.0,93.09
97.0,93.115
94.0,93.46
90.0,92.99
93.0,93.075
94.0,94.0
94.0,93.39
98.0,93.03
95.0,93.005
96.0,93.44
94.0,94.0
94.0,93.65
94.0,92.965
86.0,92.845
97.0,94.805
94.0,94.18
94.0,94.0
95.0,92.905
95.0,93.88
97.0,93.51
94.0,94.0
94.0,95.71
93.5,94.38
91.0,92.57
96.0,94.365
75.0,95.745
93.0,93.185
90.0,94.46
96.0,94.235
93.0,91.97
85.0,92.485
88.0,93.775
94.0,94.0
93.0,94.735
99.0,93.905
97.0,93.82
94.0,94.0
93.0,93.4
94.0,94.0
94.0,94.0
96.0,95.0
90.0,93.255
96.0,94.23
91.0,93.485
94.0,94.0
88.0,93.52
88.0,92.23
97.0,94.0
88.0,92.965
97.5,91.08
99.0,93.575
94.0,94.0
91.0,93.09
93.0,89.725
94.0,94.0
88.0,93.255
92.0,94.16
89.5,93.295
98.5,93.23
95.0,93.9
94.0,94.0
98.0,93.645
93.0,93.29
93.0,93.115
93.0,94.785
94.0,94.375
94.0,94.105
96.0,93.34
96.0,92.26
95.0,93.205
94.0,94.0
94.0,93.89
94.0,94.0
95.0,91.925
92.0,94.545
96.0,93.885
89.5,92.635
94.0,94.795
95.0,93.915
91.0,93.59
89.0,92.5
94.0,93.97
94.0,94.0
90.0,94.83
96.0,90.695
93.0,93.225
96.0,91.76
94.0,91.125
96.0,94.43
92.0,92.605
94.0,94.0
95.0,94.725
99.0,94.05
94.0,94.0
95.0,95.565
94.0,94.0
95.0,95.785
95.0,95.31
94.0,94.0
93.0,90.24
94.0,94.0
97.0,93.455
94.0,93.985
93.0,93.765
97.0,92.545
99.0,91.83
94.0,94.0
90.5,92.115
96.0,94.995
81.0,93.395
96.0,94.52
95.5,92.255
93.0,93.545
92.0,94.495
99.0,93.505
97.0,93.565
91.0,92.82
91.5,94.4
96.0,94.43
94.0,94.0
89.0,95.225
93.0,93.65
91.0,92.17
94.0,94.0
90.0,94.245
92.5,94.36
88.0,93.265
88.0,91.055
98.0,94.525
92.0,92.455
95.0,91.65
92.0,92.995
94.0,91.27
99.0,95.04
91.0,93.665
95.0,92.745
97.0,95.235
98.0,94.97
91.0,91.795
90.5,93.215
92.0,93.285
95.0,93.745
90.0,93.38
97.5,93.06
95.0,94.92
98.0,92.795
91.0,95.16
94.0,94.0
90.5,92.605
96.0,94.915
94.0,94.0
90.0,92.08
92.0,92.95
90.0,93.14
90.0,93.455
87.0,91.065
98.0,93.423125
88.0,91.615
93.0,94.07
89.0,91.655
96.0,93.845
93.0,93.49
97.0,94.384375
94.0,94.0
94.0,93.96
94.0,93.715
95.0,94.275
89.0,93.03
94.0,93.805
94.0,93.685
96.0,95.68
98.0,93.08
96.0,95.595
83.0,91.955
93.0,92.665
94.0,94.0
94.0,94.0
96.0,93.755
98.0,93.97
94.0,94.59
96.0,92.765
92.0,93.075
94.0,94.0
94.0,94.0
94.0,94.0
88.0,92.26
94.0,94.0
94.0,94.0
93.5,92.635
97.0,93.995
94.0,94.0
95.0,95.455
93.0,90.715
92.0,92.64
91.0,92.315
94.0,93.93
96.0,93.49
95.5,93.31
89.0,94.03
88.0,92.865
94.0,90.31
96.0,93.265
94.0,94.0
92.0,93.095
94.5,91.31
88.0,93.58
98.0,92.63
98.0,93.425
94.0,94.06
96.0,94.17
100.0,94.085
94.0,94.0
94.0,94.0
94.0,94.04
89.0,92.21
98.0,92.26
95.0,91.895
92.5,93.265
98.0,93.48
93.0,93.25
94.0,94.0
88.0,95.275
93.0,92.85
94.0,94.0
94.0,92.595
94.0,92.485
96.0,93.25
94.0,94.0
94.0,94.0
95.0,93.035
89.0,91.93
85.0,91.825
98.0,93.845
97.0,92.95
99.0,93.09
90.0,94.035
96.0,93.385
97.0,92.21
89.0,94.805
89.0,93.84
85.0,92.79
92.0,92.4
92.0,95.585
95.0,93.195
90.0,91.46
91.0,92.17
94.0,94.0
95.0,95.01
95.0,95.475
90.0,94.33
94.0,93.2
95.0,92.195
89.0,93.075
95.0,93.355
97.0,91.71
90.0,93.025
91.5,91.975
92.0,93.535
94.0,94.0
94.0,93.365
95.0,93.73
92.0,94.2
99.0,96.965
94.0,94.0
88.5,95.45
96.0,95.25
94.0,93.71
91.0,93.315
99.0,95.815
89.0,94.4
97.0,92.785
93.0,94.625
97.0,94.12
92.0,94.61
94.0,94.0
95.0,93.775
93.0,92.205
89.0,91.405
90.0,91.985
97.0,93.805
98.0,95.455
91.5,93.12
92.0,92.82
90.0,91.32
96.0,93.06
95.5,93.145
97.0,93.71
94.0,94.0
99.0,92.555
94.0,94.0
97.0,93.08
94.0,92.18
93.0,90.355
94.0,94.985
100.0,95.475
93.0,92.47
94.0,94.0
96.0,91.56
98.0,91.435
93.0,94.58
97.0,95.75
94.0,94.0
94.0,92.67
95.0,93.095
88.0,93.085
97.0,91.895
97.0,92.655
94.0,94.0
98.0,92.65
94.0,94.0
98.0,95.78
97.0,95.405
94.0,94.0
96.0,92.505
91.0,93.925
94.0,94.0
93.0,91.91
91.5,93.27
93.0,94.37
87.0,93.76
93.0,93.775
96.0,90.435
97.0,92.0
88.0,92.135
93.0,94.425
91.0,93.795
93.0,92.305
94.0,94.0
97.0,92.39
88.0,91.975
96.0,94.275
83.0,94.78
92.0,94.555
91.0,92.315
95.5,92.54
93.0,93.36
97.0,95.415
91.0,93.135
93.0,92.595
92.0,91.86
90.0,92.63
95.5,94.33
94.0,94.0
94.0,94.0
98.0,93.905
95.0,93.74
94.0,94.0
95.0,93.54
97.5,89.585
94.0,94.0
94.0,94.0
97.0,96.0025
95.0,92.46
94.0,93.93
95.0,93.17
96.0,92.815
97.0,94.275
93.0,92.025
94.0,95.465
92.0,93.655
91.0,93.535
94.0,94.0
94.0,94.0
94.0,94.0
94.5,94.05
98.0,94.785
90.0,93.2
96.0,92.81
97.0,96.935
83.0,91.995
96.0,96.025
94.0,94.0
97.0,94.325
95.0,92.17
92.0,92.915
95.5,93.635
91.0,95.18
94.0,94.0
94.0,94.105
91.0,91.975
85.0,95.5
98.0,95.395
97.0,95.88
94.0,93.225
92.0,92.11
94.0,92.82
98.0,95.875
94.0,94.0
95.0,92.995
95.0,93.15
93.0,94.33
94.0,94.0
97.0,92.95
98.0,93.865
96.0,92.82
88.0,95.565
98.0,93.265
93.0,93.13
96.0,92.67
94.0,94.0
95.0,93.76
94.0,94.0
95.0,94.895
93.0,95.445
94.0,92.21
94.0,94.0
93.5,92.755
94.0,93.97
90.0,91.985
98.0,93.88
95.0,93.8
96.0,92.18333333333334
98.0,93.91
95.0,94.355
88.0,92.715
95.0,92.72
98.0,95.695
94.0,94.0
98.0,93.85
94.0,94.0
90.0,92.825
99.0,90.135
99.5,93.29
91.0,92.855
87.0,93.875
86.0,95.81
95.0,96.23
94.0,94.0
98.0,93.135
91.0,92.17
92.0,92.47
95.0,93.845
94.0,94.0
96.0,93.78
96.0,92.95
95.0,93.175
91.0,93.73
98.0,92.64
96.5,94.08
94.0,91.86
96.0,94.825
98.0,95.185
94.0,95.225
94.0,96.3824805913041
96.0,93.185
96.0,92.87
96.0,92.98
94.0,91.385
94.0,94.0
96.0,95.665
92.5,92.36
94.0,92.425
91.0,93.545
94.0,94.0
97.0,92.89
97.0,92.43
95.0,95.44
91.0,93.93
91.0,94.065
96.0,93.455
94.0,94.0
94.0,94.55
91.0,94.375
96.0,95.155
87.0,93.505
93.0,91.28
97.0,93.1
98.0,93.065
94.0,94.0
95.0,94.685
89.0,91.685
96.0,92.905
94.0,94.0
92.0,92.715
96.0,94.435
97.0,93.3
98.0,95.785
94.0,94.0
95.0,94.825
95.5,93.635
95.0,92.29
94.0,94.76
96.0,93.01
95.0,93.66
94.0,93.94
98.0,93.925
95.0,93.83
93.0,93.605
94.0,94.0
87.0,94.76
94.0,94.0
93.0,94.965
98.0,92.73
94.0,94.0
96.0,92.62851190476191
94.5,93.755
88.0,91.855
97.0,94.355
96.0,92.965
94.0,94.78
94.0,94.0
94.0,93.605
88.0,93.23
91.0,94.645
98.0,94.05
95.0,92.17
94.0,93.69
91.0,91.705
94.0,94.0
90.0,92.125
91.0,92.005
98.0,93.165
91.0,91.86
94.0,94.0
94.0,94.0
92.0,93.98
98.0,94.705
94.0,92.89
94.0,94.0
93.0,93.485
100.0,94.93
92.0,93.35
96.0,95.695
94.0,94.0
96.0,95.535
94.0,94.0
94.0,94.68
97.0,93.6367094017094
93.0,94.625
90.0,93.655
96.0,93.975
98.0,94.58
100.0,93.85
88.0,92.735
94.0,94.0
92.0,94.2
92.0,92.945
95.0,93.725
96.0,92.155
89.0,92.11
97.0,91.47
97.0,94.415
94.0,94.0
93.0,92.945
92.0,93.56
95.0,94.055
97.0,90.945
98.5,94.27
94.0,92.46
85.0,94.155
86.0,92.34
83.5,91.35
97.0,91.6
94.0,91.265
94.0,94.0
98.0,94.075
93.0,92.45
92.0,95.355
94.0,94.0
92.5,93.63
94.0,94.0
94.0,94.0
93.0,91.275
96.0,95.61
96.0,94.95
95.0,94.665
96.0,92.955
97.0,92.22
92.0,92.66
92.0,92.51
95.0,94.225
96.0,93.975
99.0,92.355
82.0,93.11
87.0,93.45
94.0,94.0
96.0,91.565
94.0,93.125
97.0,92.62
96.0,93.38
91.0,93.29
93.0,94.24777777777777
90.0,95.495
95.0,94.175
91.0,94.14
94.0,93.435
86.0,92.38
94.0,94.0
97.0,93.305
94.0,94.0
90.0,93.325
94.0,94.0
95.0,93.06
93.0,94.95
97.0,93.755
94.0,94.0
93.0,93.69
94.0,93.98
95.0,92.18
94.0,94.0
91.0,92.83
87.0,95.895
96.0,92.815
97.0,93.12
92.0,94.17
88.5,92.705
97.0,93.32
94.0,94.0
88.5,91.18
95.0,93.655
96.0,92.485
91.0,93.125
86.0,92.65
94.0,94.0
94.0,94.0
89.0,92.535
92.0,94.09
92.5,92.07
94.0,94.0
98.0,94.4
94.0,94.0
93.0,93.565
94.0,94.0
92.0,93.105
92.0,94.675
95.0,93.64
92.0,91.88
95.0,93.655
97.0,95.02
97.0,92.97
94.0,91.64
91.0,92.405
90.0,92.74
92.0,91.74
96.0,93.8
90.0,92.365
94.0,94.0
96.0,93.61
94.0,94.0
96.0,93.715
94.0,92.865
94.0,94.0
94.0,94.0
92.0,93.035
96.0,95.16
96.0,95.01
86.0,93.445
96.0,91.47
94.0,94.0
96.0,93.21
91.0,93.45
87.0,92.3
97.0,94.82
91.0,94.43
94.0,92.445
95.0,96.045
94.0,94.0
78.0,88.765
95.0,93.065
95.0,91.495
94.0,94.0
89.0,93.485
94.0,94.0
92.0,93.925
94.0,94.0
98.0,93.19
93.0,94.935
94.0,94.0
92.0,90.735
93.0,92.67
94.0,94.0
96.0,93.51
94.0,94.0
94.0,94.0
93.0,92.28
92.0,92.645
91.5,91.465
94.0,94.0
90.0,93.995
95.0,93.1
93.0,93.005
91.0,92.09
94.0,94.0
83.5,94.215
96.0,92.27
94.0,94.0
94.0,91.62
96.0,94.265
96.0,94.235
93.0,92.665
98.0,94.07
94.0,93.95
94.0,94.0
92.0,91.82
94.0,92.76
89.0,92.54
90.0,93.29
93.5,93.995
93.0,93.23
94.0,94.0
96.0,93.51
91.0,91.705
97.0,92.59
94.0,94.0
87.0,91.965
100.0,91.34
94.0,94.0
97.0,92.7
94.0,93.395
94.0,94.0
97.0,93.14
94.0,94.0
90.0,95.015
95.0,95.12
94.0,94.0
93.0,93.185
96.0,93.085
94.0,94.0
89.0,91.93
100.0,96.11
85.0,91.165
99.0,95.275
92.0,91.12
94.0,91.97
87.0,92.705
97.0,93.485
94.0,94.0
98.0,93.98
94.0,94.0
86.0,93.185
88.0,93.12
98.0,93.545
93.0,93.665
98.0,96.39
89.0,94.855
96.0,92.79
95.0,92.305
89.0,94.42
90.0,91.83
89.0,90.36282539682539
87.0,93.32
94.0,92.915
95.0,94.064
98.0,93.955
96.0,92.535
100.0,93.835
84.0,92.51
100.0,95.435
96.0,94.12
94.0,94.0
94.0,94.0
94.0,94.0
91.5,92.42
95.0,92.785
94.0,94.0
83.0,91.23
84.0,92.56
94.0,94.0
96.0,91.745
93.0,93.595
94.0,95.095
95.0,94.235
87.0,94.66
98.0,94.205
91.5,90.97
99.0,94.825
99.0,90.59
94.0,94.0
96.0,95.045
94.0,94.0
94.0,92.75
90.0,93.69
95.0,92.255
94.0,95.855
93.0,92.635
93.0,93.74
98.0,94.72
94.0,94.0
94.0,93.155
92.0,92.68
94.0,94.0
99.0,95.195
94.0,94.0
94.0,94.0
95.0,94.0
97.0,93.135
93.5,92.925
100.0,93.67
91.0,92.18
89.0,93.77
95.0,93.05
95.0,92.605
92.0,93.28
95.5,94.105
97.0,94.31
94.0,94.0
86.0,92.465
91.0,93.09
94.0,94.0
96.0,93.54
91.0,92.725
94.0,94.0
94.0,94.0
97.0,95.475
98.0,95.315
88.0,92.14
89.0,93.57
94.0,94.0
94.0,93.56
94.0,92.455
93.0,93.65
95.0,93.23
91.0,93.9
98.0,94.82
86.0,92.43
91.0,90.815
94.0,94.0
94.0,94.0
92.0,94.68
94.0,94.0
95.5,91.66
88.0,93.7
88.0,92.86
91.0,92.26
97.0,95.69
93.5,91.92
94.0,94.915
87.5,92.86
94.0,92.485
94.0,94.0
91.0,90.83
96.0,94.26
89.0,94.05
99.0,90.125
90.0,92.805
95.0,92.625
98.0,93.06
94.0,94.0
93.0,93.42642857142857
94.0,94.0
96.0,93.025
91.0,92.455
94.0,93.78
94.0,93.81
95.0,91.955
94.0,94.0
90.0,94.25
94.5,91.785
89.0,92.785
93.5,93.62
97.0,96.485
92.0,93.18
89.0,88.545
94.0,94.0
86.0,91.58
88.0,91.855
99.0,95.485
93.0,95.16
95.0,93.235
96.0,94.585
95.0,94.67
92.0,93.505
95.0,93.325
96.0,93.055
91.0,93.265
94.0,94.0
94.0,94.0
97.0,95.235
97.0,93.685
89.0,93.185
87.0,92.875
94.0,94.0
90.0,92.02
98.0,92.74
90.5,93.665
94.0,94.0
88.0,92.095
90.0,93.995
92.0,94.53
98.0,93.995
97.0,91.695
98.0,95.61
90.0,92.505
95.0,95.105
94.0,94.0
98.0,94.08
93.0,94.095
99.0,92.53
94.0,94.0
94.0,94.0
99.0,93.35
99.0,94.775
90.0,91.735
97.0,95.42
97.0,90.17
91.0,93.335
97.0,92.565
92.5,92.435
92.5,93.38
93.0,93.205
93.5,93.295
81.0,92.38
92.0,93.545
96.0,94.805
91.0,92.27
89.0,93.84833333333334
90.0,93.655
98.5,95.055
95.0,93.935
85.0,91.785
96.0,93.78
94.0,94.0
96.0,92.925
96.0,92.88
94.0,94.135
90.0,91.395
90.0,93.905
91.0,92.69
91.0,94.985
93.0,93.995
94.0,92.805
94.0,94.0
95.0,95.335
97.0,95.515
94.0,94.0
92.5,92.83
93.0,94.115
95.0,93.045
93.0,93.615
92.0,93.905
94.0,93.745
86.0,92.825
93.0,93.94
95.0,91.955
94.0,94.0
94.0,94.0
93.5,92.755
97.0,93.445
94.0,94.0
91.0,94.38
94.0,92.365
91.0,92.64
93.0,93.955
91.0,93.49
95.0,92.865
94.0,94.0
86.0,91.77
98.0,94.45
97.0,92.485
95.0,93.34
94.0,94.0
92.0,91.98
90.0,95.405
94.0,94.0
94.0,94.0
94.0,92.625
92.0,93.61
98.0,95.455
90.0,91.92
88.0,92.25
94.0,94.0
95.0,93.37
97.0,95.545
94.0,93.38
94.0,94.0
100.0,93.05
90.0,93.64
95.0,93.985
97.0,84.88
92.0,93.01
94.0,93.89
92.0,91.67
96.0,93.02
96.0,92.89
95.0,94.735
95.0,92.915
92.0,92.24
94.0,94.0
93.0,92.4
95.0,94.015
94.5,91.885
94.0,94.265
94.0,93.83
96.5,94.32
96.0,95.355
94.0,94.06
93.0,93.28
91.0,93.01
88.0,92.355
94.0,94.0
93.0,93.38
91.0,91.07
96.0,93.655
97.0,93.68
99.5,94.185
95.0,91.265
89.0,91.61
94.0,94.0
90.0,91.895
91.0,93.04
96.0,95.59
93.5,91.84
97.0,93.51
95.0,93.645
94.0,94.0
91.0,92.48
84.0,87.04
96.0,94.15
94.0,94.0
94.0,94.0
94.0,94.0
94.0,92.97
94.0,94.0
93.0,92.91
96.0,94.08
95.0,93.6
95.0,93.275
94.0,94.0
96.0,93.23
98.0,94.635
98.0,93.73
95.0,93.655
97.0,92.945
94.0,94.0
94.0,93.0
97.0,93.575
91.0,93.16
92.0,93.2
86.0,91.9
96.0,94.49
86.0,92.015
94.0,94.0
90.0,95.075
90.0,90.965
96.0,93.275
91.0,93.63
96.0,91.11
89.0,93.865
93.0,94.705
95.0,93.305
94.0,92.935
94.0,94.0
94.0,94.0
97.0,95.71
98.0,94.65
97.0,95.45
94.0,94.0
95.0,94.49
94.5,92.365
96.0,95.125
92.0,94.455
93.0,93.875
93.0,94.19
96.0,93.8
95.0,92.785
94.0,94.0
97.0,92.815
96.0,94.705
94.0,92.33
94.0,94.0
86.0,93.305
99.0,93.205
94.0,94.0
94.0,93.515
94.0,94.0
98.0,94.655
95.0,92.095
96.0,95.42
94.0,94.0
91.0,93.93
96.0,94.135
96.5,92.94
91.0,93.215
89.0,94.24
89.0,92.635
91.0,90.7
89.0,92.23
99.0,95.17
89.0,93.0
94.0,94.0
94.0,92.71
94.0,94.0
96.0,91.74
95.0,92.89
90.0,93.425
95.0,94.5
98.5,92.465
96.0,92.78
95.0,94.195
94.0,94.0
89.0,95.135
98.0,92.485
99.0,95.01
93.0,92.315
94.0,94.0
94.0,94.0
98.0,96.835
90.0,91.685
94.0,93.9
98.0,93.345
90.0,92.375
93.0,92.84
98.0,95.6
90.0,92.475
98.0,92.575
100.0,93.69
96.0,92.965
94.0,94.0
88.0,92.73
91.0,93.13
98.0,94.31
94.0,94.0
94.0,95.325
94.0,94.0
89.0,94.025
94.0,94.695
95.0,94.325
97.0,92.68
94.0,94.27
94.0,94.555
95.0,94.05
91.0,92.995
95.0,95.135
93.0,92.795
94.0,94.0
94.0,94.0
95.0,92.42
94.0,92.87
94.0,91.96
94.0,94.0
99.0,93.605
94.0,93.08
98.5,92.34333333333332
88.0,91.875
94.0,94.45
94.0,94.0
93.0,93.435
86.0,94.73
89.0,94.175
97.0,93.98
92.0,91.19
95.0,93.8
97.0,94.505
100.0,94.445
94.0,93.98
98.0,92.89
94.0,94.0
94.0,94.515
94.0,94.0
93.0,92.55
96.0,92.39
94.0,94.0
94.0,94.0
92.5,94.02
89.0,92.54
94.0,94.0
97.0,94.4
88.0,93.46
93.0,93.32
96.0,91.895
95.0,94.32
96.0,91.98
95.0,93.895
91.0,93.065
96.0,93.11
97.0,95.445
96.0,94.285
91.0,92.78
86.0,93.98
90.5,92.555
94.0,94.0
92.0,93.88
97.0,93.105
91.5,92.79
94.0,94.0
96.0,93.65
96.0,93.475
94.0,94.78
91.0,95.02
94.0,94.0
99.0,92.82
94.0,94.0
98.0,95.425
90.0,92.895
92.0,92.77
97.0,94.57
91.0,92.655
96.0,95.295
98.0,96.85
89.0,93.26
94.0,91.45
94.0,94.0
88.0,91.66
95.0,94.345
94.0,93.05
94.0,94.0
94.0,94.0
100.0,93.205
95.0,94.05
94.0,94.0
95.0,93.4
94.0,93.54
94.0,94.0
92.0,95.18
92.0,93.865
94.0,94.625
94.0,94.0
95.0,93.2
94.0,94.0
92.0,94.35
96.0,94.09
90.0,91.7
97.0,93.625
90.0,93.28
91.0,93.72
94.0,94.0
93.0,92.33
100.0,90.2
94.5,94.26
86.0,93.415
94.0,94.0
96.0,93.355
98.0,92.505
94.0,94.0
89.0,92.87
94.0,93.48
94.0,94.0
91.0,93.27
93.5,94.06
92.5,94.895
84.0,91.59
94.0,92.92
97.0,93.19
91.0,92.47
90.0,94.785
93.0,93.76
96.0,92.595
92.0,92.59
91.0,92.785
94.0,94.45764285714286
97.0,94.965
93.0,92.52
94.0,94.0
93.0,92.21
94.0,94.0
94.0,94.0
95.0,93.98
90.0,91.505
96.0,94.795
93.0,92.675
98.0,93.21
95.0,92.67
91.0,92.175
90.0,91.04
88.0,93.87
97.0,94.345
96.0,92.97
96.0,93.415
96.0,94.43
96.0,93.61
94.0,93.975
94.0,93.55
97.0,92.21
98.0,93.66
100.0,94.815
96.0,94.76
98.0,95.16
95.0,93.92
99.0,94.67
95.0,95.515
93.0,92.535
87.0,94.285
94.0,94.0
88.0,93.3
85.0,91.59
94.0,94.0
96.0,93.03
100.0,91.335
93.0,92.495
98.0,92.745
96.5,92.98
91.0,92.31
96.0,91.63
97.0,94.35
94.0,92.51
91.0,92.42
93.0,94.96
94.0,94.0
94.0,93.47
97.0,93.21
94.0,94.0
95.0,93.59
89.0,93.465
94.0,94.0
96.0,94.815
98.0,94.385
94.0,94.0
94.0,94.0
99.0,96.13
97.0,94.78
90.0,94.145
91.0,92.72
95.0,94.375
93.0,92.06
94.0,94.0
96.0,93.835
91.0,92.755
91.5,93.285
85.0,91.205
85.0,91.885
97.0,95.635
96.5,93.075
94.0,94.0
95.0,93.89
93.0,87.265
94.0,94.05
87.0,92.88
89.0,92.915
93.0,95.96
91.0,92.98
90.5,93.345
89.0,95.425
94.0,91.185
95.0,94.145
94.0,93.115
93.0,91.02
87.0,91.27
92.0,94.14
91.0,94.005
91.0,93.125
90.0,93.87
95.0,93.475
91.5,93.185
87.0,94.015
97.0,95.11
94.0,94.0
93.5,93.045
93.0,93.21
93.0,94.1
99.0,91.3
88.5,95.01
94.0,92.49
90.0,92.795
96.0,95.535
94.0,94.0
89.0,92.66
77.0,91.235
94.0,94.215
94.0,94.0
94.0,94.0
97.0,94.175
94.0,94.0
97.0,92.6
94.0,94.0
90.0,90.52
94.0,94.0
94.0,92.85
95.0,92.765
93.0,93.32
91.0,92.575
87.0,91.915
91.0,92.44
92.0,91.32
98.0,93.92
87.5,92.845
94.0,94.0
85.0,92.455
94.0,89.21
96.0,95.025
90.0,90.66
93.0,93.075
92.0,93.255
94.0,94.0
94.5,93.69
90.5,93.585
95.0,92.455
94.0,94.0
97.0,94.13
94.0,94.0
98.0,93.955
91.0,93.66
94.0,93.26
94.0,94.0
89.5,95.195
85.0,93.385
98.0,93.91
97.0,91.4
94.0,92.705
97.5,94.13
91.0,93.055
95.0,92.295
83.0,94.04
82.0,91.225
94.0,92.97
95.0,92.57
94.0,94.0
95.0,95.17
89.0,93.465
97.0,94.42
94.0,94.0
90.0,93.15
92.0,93.43
83.0,88.295
95.0,91.9
91.0,91.995
97.0,94.625
89.0,96.15
95.0,93.74
91.0,92.3
97.5,93.63
94.0,94.0
96.0,93.3
90.0,92.855
94.0,94.0
97.0,94.13
96.0,92.96
91.5,95.33
90.0,93.46
95.0,92.16
89.0,93.28
90.0,95.12
94.0,94.0
95.0,92.555
94.0,94.16228571428572
97.0,92.19
94.0,94.0
87.0,92.67
98.0,93.77
94.0,94.0
91.0,94.545
92.0,93.65700000000001
88.0,94.435
94.0,93.345
94.0,93.88
98.0,93.48
93.0,92.465
94.0,94.0
92.0,94.735
96.0,94.475
96.0,93.06
94.0,94.04
95.0,93.45
87.0,91.665
83.0,90.835
94.0,94.0
94.0,94.0
95.0,93.085
91.0,92.85
95.0,94.045
91.0,93.705
96.0,91.835
89.0,93.075
90.0,93.38
98.0,92.93
91.0,92.975
86.0,93.655
94.0,92.995
94.0,94.945
99.0,93.105
96.0,93.885
93.0,92.8
90.0,95.455
96.0,92.675
87.0,90.43
93.0,92.355
93.0,92.795
94.0,94.0
94.0,94.0
94.0,93.95
89.0,93.365
94.0,94.0
94.0,92.555
91.0,92.525
93.0,91.265
92.0,92.925
91.0,93.37
96.0,92.59
97.0,96.135
95.0,95.68
93.0,92.09
92.0,93.04
91.0,92.65
94.0,94.0
94.0,94.0
100.0,93.145
92.0,92.985
97.0,93.045
93.0,90.595
94.0,94.185
92.0,91.37
90.0,95.845
92.0,95.46
98.0,92.79
94.0,94.645
99.0,95.465
95.0,92.82
95.0,92.555
92.0,91.47
89.0,94.19
92.0,92.37
94.0,94.0
94.0,94.0
92.0,92.61
83.5,93.63
86.0,94.14
85.0,92.415
97.0,95.955
94.0,91.87
94.0,93.88
95.0,93.785
94.0,93.255
94.0,94.0
95.0,94.395
93.0,93.665
86.0,92.085
95.0,93.805
92.5,89.965
94.0,94.0
90.5,93.44
96.0,93.375
94.0,94.0
94.0,93.815
88.0,92.305
91.0,91.205
93.0,94.185
89.0,92.685
92.0,91.845
85.5,92.5
91.0,89.615
94.0,94.0
92.0,93.03
95.0,94.89
92.0,92.285
93.0,94.67
96.5,92.975
98.0,93.895
95.0,95.085
96.0,93.54
93.0,92.185
95.0,92.58
94.0,94.0
91.5,95.005
93.0,91.87
87.0,92.26
94.0,91.895
94.0,93.84
86.0,92.2
87.0,88.94
94.0,94.0
91.0,92.8
96.0,94.38
94.0,91.49
99.0,93.71
94.0,94.0
95.0,93.48
91.0,92.745
91.0,93.8
94.0,94.0
94.0,94.0
94.0,94.0
96.0,95.565
94.0,94.0
95.5,95.02
88.0,93.44
94.0,93.02
98.0,94.185
94.0,94.0
88.0,94.36
94.0,93.53
87.0,92.76
94.0,92.28
94.0,94.0
98.0,94.435
94.0,94.0
94.0,94.64
93.0,94.865
95.0,93.425
94.0,94.0
94.0,94.0
95.0,94.575
91.0,92.33
94.0,94.0
85.0,95.115
94.0,94.0
93.0,94.005
96.0,92.165
94.0,94.0
99.0,94.31
88.0,91.895
93.0,92.93
94.0,94.0
94.0,93.18
94.0,92.92
96.0,93.73
86.0,92.26
94.0,94.0
99.0,95.69
95.0,96.655
89.5,92.14
93.0,94.52
94.0,93.99
90.0,92.945
94.0,93.89
87.0,90.705
90.0,91.825
94.0,92.585
92.5,92.45
93.0,94.1
93.0,92.405
94.0,94.0
98.0,93.795
93.0,92.76
94.0,93.645
91.0,93.835
91.0,91.205
94.0,94.0
93.0,93.735
95.0,93.325
89.0,92.405
96.0,93.83
94.0,93.58
86.0,90.185
96.0,95.235
88.0,92.65
96.0,92.615
93.0,94.14
96.0,92.04
94.0,93.99
91.5,93.205
92.0,93.62333333333333
96.0,93.175
98.0,95.81
97.0,93.565
94.0,94.0
94.0,94.0
94.0,94.0
95.0,94.44
86.0,92.68
94.0,94.0
90.0,92.96
93.0,94.535
95.0,91.83
96.5,94.05
95.0,92.965
94.0,94.0
94.0,94.0
99.0,94.71
85.0,93.91
94.0,94.0
96.0,94.105
95.0,93.385
94.0,94.0
97.0,91.185
94.0,94.0
96.0,92.94
95.0,93.885
94.0,94.0
95.0,94.765
98.0,92.54
91.0,93.205
89.0,94.73
94.0,94.0
94.0,93.165
90.0,94.05
91.0,93.66
94.0,94.0
88.0,94.99
93.5,94.81
100.0,92.18
92.5,94.24
94.0,94.0
90.0,93.535
94.0,94.0
94.0,95.075
95.0,94.93
94.0,94.0
94.0,94.0
94.0,95.71
96.0,93.895
95.0,93.75
92.0,94.3
98.0,93.02
94.0,94.0
96.0,95.275
99.0,93.67
92.0,92.195
98.0,96.98
97.5,93.095
94.0,94.0
99.0,95.41
94.0,94.0
91.0,94.92
94.0,94.31
96.0,91.98
94.0,94.0
92.5,93.42
97.0,91.4
86.0,90.665
97.0,93.085
87.5,92.455
93.0,94.585
94.0,92.825
95.0,96.32528526130731
94.0,94.0
94.0,94.0
91.0,94.31
95.0,93.465
93.5,92.505
99.0,93.48
91.0,92.31
93.0,94.16
94.0,91.635
100.0,93.69
93.0,92.445
97.0,93.47
92.0,94.325
94.0,93.475
94.0,93.625
94.0,93.555
90.0,91.555
89.5,91.925
94.0,94.0
95.0,93.94
96.0,93.345
93.0,90.7
93.5,92.47
95.0,91.96
96.0,95.36
96.0,92.835
97.0,93.14
95.5,93.805
95.0,92.76
87.0,89.395
91.0,91.68
91.0,94.19
91.0,96.3824805913041
93.5,93.88
90.0,94.425
95.0,92.985
86.0,89.47
94.0,94.0
91.0,92.39
97.0,94.77
96.0,93.925
92.0,93.665
94.0,94.0
90.0,95.13
94.5,93.655
94.0,94.0
95.0,92.72
97.0,96.51
93.0,93.2
94.0,94.0
88.0,92.335
96.0,92.595
93.0,94.25
91.0,93.215
94.0,92.365
91.0,93.4
93.0,93.56
93.0,94.4
90.0,91.37
90.0,92.985
96.0,96.12
94.0,94.0
99.0,94.08
98.5,94.22
98.0,93.3
97.0,94.21
97.0,93.54
89.0,94.35
94.0,94.0
82.0,91.74
94.0,94.0
96.0,93.98
97.0,93.96
96.0,93.755
92.0,92.36
96.0,94.465
94.0,93.33
96.0,95.13
94.0,90.685
92.0,92.72
94.0,94.0
97.0,93.72
90.0,93.155
94.0,94.0
89.0,91.48
93.0,93.51956590549975
89.0,93.875
94.0,94.0
90.0,92.155
96.0,94.955
95.0,93.83
95.0,93.14
96.0,94.92
96.0,94.175
87.0,92.72
92.0,94.645
94.0,94.0
91.0,93.215
95.0,89.84
94.0,94.0
95.0,93.54
96.0,93.515
85.0,93.265
97.0,95.36
94.0,94.0
93.0,93.69
87.5,93.215
94.0,94.0
88.0,93.505
95.0,94.82
90.0,93.1
90.0,91.27
90.0,94.01
95.0,93.08
91.0,94.19
96.0,92.97
96.0,93.01
97.0,94.115
94.0,95.395
89.0,91.885
98.0,95.445
98.0,93.59
94.0,94.715
91.0,93.96
94.0,92.81
97.0,93.31
97.0,94.425
91.0,94.17
97.0,92.07
92.0,93.535
86.0,92.645
94.0,93.6
93.0,92.365
97.0,95.115
90.0,91.975
94.0,94.0
99.0,93.615
94.0,94.0
94.0,94.0
98.0,91.84
98.0,92.91
95.5,90.71
92.0,93.465
95.0,94.33
94.0,94.0
97.0,92.87
99.0,93.71
95.0,93.475
94.0,94.0
90.0,96.235
97.0,94.065
93.5,93.78
86.0,92.07
94.0,94.0
87.5,93.795
96.0,94.505
92.0,93.22
93.0,93.07
95.0,92.325
93.0,94.31
94.0,93.315
95.0,94.25
92.0,92.725
87.0,93.58
96.0,93.27
94.0,93.97
94.0,94.0
94.0,94.0
95.0,92.84
94.0,94.0
96.0,93.495
94.0,94.0
94.5,91.2
94.0,94.0
94.5,93.14
94.0,93.46
98.0,96.375
94.0,94.0
89.0,93.14
90.0,91.68
90.0,93.485
94.0,94.0
96.0,92.27
94.0,90.64
91.5,92.36
87.0,92.965
95.0,93.87
91.0,93.695
89.0,93.14
95.0,93.34
88.0,92.09
93.0,91.525
92.0,94.75
95.0,94.945
97.0,95.405
94.0,94.0
99.0,96.44
96.0,94.975
98.0,92.015
94.0,93.92
94.0,89.3
96.0,91.875
91.0,92.76
94.0,92.535
93.0,91.375
93.0,93.015
92.0,94.63
99.0,93.56
94.0,92.65
91.5,93.16
93.0,95.15
93.0,92.06
87.0,94.46
89.0,93.68
90.0,93.21
94.0,94.0
98.5,93.76
89.0,93.23
98.0,93.195
90.0,93.085
92.0,93.385
99.0,91.495
88.5,94.175
98.0,91.775
93.0,91.985
94.0,93.72
99.0,95.17
93.0,93.6
95.0,91.315
95.0,92.575
93.0,92.795
96.0,93.415
85.0,94.54552686202686
92.0,92.675
84.0,90.485
94.0,93.295
94.0,92.76
90.0,91.73
92.0,95.375
98.0,94.18
94.0,94.0
92.0,93.62
90.0,92.945
94.0,96.3824805913041
96.0,93.925
94.0,93.715
89.0,93.53
94.0,92.605
97.0,94.97
98.0,92.885
94.0,94.0
91.0,93.845
88.0,92.99
94.0,90.315
93.5,92.41
94.0,93.92
95.0,90.47
94.0,94.0
94.0,94.0
96.0,92.038
97.0,95.485
97.0,95.1
92.5,92.53
94.5,91.635
94.0,94.0
94.0,94.0
95.5,92.305
92.0,94.4
93.0,92.79
94.0,92.63
99.0,95.395
97.0,94.955
95.0,93.78
94.0,94.0
96.0,94.395
91.5,92.755
94.0,94.0
92.0,91.77
94.0,94.0
95.5,89.855
92.0,92.855
91.5,92.51916666666666
90.0,93.625
94.0,92.62
96.0,93.795
94.0,92.745
99.0,94.325
92.0,92.655
95.0,93.84
96.0,94.95
95.0,94.3
95.0,93.8
85.0,92.11
92.0,93.4
99.0,94.85
91.0,93.845
96.0,94.3
96.0,93.245
94.0,93.98
91.0,92.825
95.0,91.92
94.0,94.0
85.0,93.76
95.0,93.335
94.0,94.0
94.0,94.0
94.0,93.915
87.0,93.975
87.0,95.415
94.0,94.0
94.0,94.0
94.0,94.0
94.0,94.0
94.0,94.0
96.0,93.305
93.0,92.975
94.0,94.385
94.0,94.0
96.0,94.875
95.0,94.12
95.0,92.125
93.5,92.85
94.0,94.0
96.0,94.77
94.0,94.0
81.0,85.96
93.0,93.815
93.0,94.25
92.0,95.345
97.0,95.105
94.0,94.0
94.0,94.0
93.0,93.815
92.0,93.355
88.5,93.225
88.0,94.255
94.0,94.0
94.0,94.0
98.0,94.74
90.0,93.145
94.0,94.0
90.0,92.77
99.0,96.04
94.0,92.895
95.0,92.275
96.0,95.665
90.0,90.795
93.0,95.34
87.0,93.785
88.0,93.57
90.0,93.295
95.0,94.675
96.0,93.66
94.0,94.0
94.0,94.54
90.0,92.375
95.0,93.27
86.0,92.635
94.0,94.0
95.0,94.12
88.0,94.22
94.0,94.0
94.0,94.0
91.0,95.495
96.0,93.655
97.0,93.745
87.0,92.71
94.0,94.0
98.0,92.975
93.0,92.535
89.0,92.385
93.0,93.845
97.0,95.0
96.0,93.9
96.0,94.95
94.0,94.0
93.0,93.285
94.0,93.49
94.0,94.0
99.0,93.9
90.0,93.5
88.0,92.96
94.0,91.825
90.0,92.125
95.0,94.18
94.0,94.02
98.0,93.95
94.0,94.0
94.0,94.0
94.0,94.0
82.0,94.43
91.0,92.24
95.0,92.275
99.0,91.885
94.0,94.0
96.0,93.255
94.0,93.005
94.0,94.0
94.0,94.0
94.0,94.0
95.0,93.72
93.0,93.865
88.0,92.32
97.0,92.905
98.0,94.01
97.0,94.28
89.5,93.675
93.0,93.16
90.0,92.625
92.0,93.03
95.0,93.86
90.0,91.295
91.0,93.71
99.0,93.01833333333335
94.0,93.14
92.0,92.5
95.0,94.025
96.0,94.915
98.0,93.35
94.0,93.39
95.0,94.37
88.0,92.855
98.0,95.42
94.0,94.0
98.0,93.78
97.0,93.385
95.5,93.22
95.0,93.55
96.0,94.36
83.0,88.455
100.0,94.265
96.0,94.195
97.5,93.99
91.0,91.945
94.5,94.375
94.0,94.0
97.0,94.455
94.0,94.0
93.0,95.105
95.0,95.38
90.0,91.93
94.0,94.0
89.0,92.545
94.0,94.0
98.0,93.18
93.0,92.22
99.0,94.055
96.5,94.305
95.0,94.38
90.0,94.59
100.0,95.355
94.0,94.0
95.0,95.215
93.0,94.4
94.0,91.885
89.0,92.765
98.0,95.595
93.0,94.475
92.0,89.205
94.0,92.8
94.0,94.0
95.0,94.955
91.0,92.075
96.0,93.4
92.0,94.095
87.0,94.565
90.0,94.4
94.0,94.0
94.0,94.0
96.0,93.01422745310245
94.0,92.98
92.0,93.23
91.0,93.265
97.0,94.69
90.0,93.28
94.0,94.0
94.0,94.08
94.0,94.0
96.0,93.815
92.0,92.59
96.0,92.905
94.0,94.0
95.0,94.38
95.0,92.335
99.0,93.62
94.0,94.855
96.0,94.9
99.0,94.44
95.0,94.495
94.0,94.0
94.0,94.0
94.0,93.175
94.0,94.0
90.0,92.865
89.0,95.32
89.0,92.645
97.0,94.085
92.0,90.865
97.0,94.015
99.0,94.59
96.0,92.53
93.0,92.295
93.0,93.475
96.0,95.785
95.0,91.775
92.0,93.21
94.0,94.0
93.0,92.875
92.0,92.61
90.0,92.44
94.0,94.0
94.0,94.0
94.0,94.815
85.5,95.025
92.0,92.52
93.0,92.47
94.0,93.96
94.0,94.28
94.5,91.255
95.0,93.035
94.0,94.0
98.0,94.67
94.0,95.515
95.0,93.71
98.0,93.51
94.0,91.93
97.0,93.4
90.0,92.28
94.0,94.0
91.0,92.265
88.0,92.315
94.0,94.0
86.0,92.03
92.0,92.685
91.0,87.69
95.0,93.165
94.0,94.0
97.0,94.26
88.0,92.445
94.0,95.84
94.0,94.0
93.0,96.13
90.0,91.905
94.0,94.0
88.0,94.825
95.5,92.55
96.0,93.735
98.0,93.635
95.0,92.975
94.0,94.0
92.0,93.43
94.0,94.0
95.0,92.91
95.0,91.72
94.0,95.725
93.5,90.185
94.0,94.0
93.0,93.525
93.0,93.07
91.5,91.81
94.0,93.31
93.0,93.34
98.0,94.975
94.0,94.0
93.0,93.885
90.0,92.85
94.0,94.0
94.0,94.0
89.0,93.44
93.0,89.79
97.0,95.64
97.0,96.165
94.0,94.355
96.0,92.77
94.0,94.0
97.0,93.685
95.0,91.585
95.0,92.86
85.0,90.85
92.0,94.24
92.0,93.42
94.0,92.805
97.0,94.05
94.0,94.0
92.0,93.995
94.0,93.83
89.0,93.59
96.0,92.7
92.0,93.04
94.0,94.0
97.0,92.745
92.0,92.135
89.0,91.495
96.0,94.41
98.0,93.595
93.0,94.325
94.0,95.915
94.0,94.0
97.0,95.35
94.0,91.755
94.0,94.0
97.0,92.34
93.0,93.715
96.0,92.51
98.0,94.325
94.0,94.0
89.0,95.05
93.0,92.795
96.0,94.545
82.0,90.02
93.0,93.835
88.0,91.755
95.0,92.665
88.0,91.78
89.0,94.0
93.0,92.26
96.0,94.765
93.0,92.775
95.0,93.385
92.0,92.54
96.0,95.815
98.0,94.4
91.0,92.37
89.0,94.045
95.0,93.33
94.0,94.0
97.0,94.72
94.0,94.0
96.0,93.595
95.0,94.785
80.0,90.19
90.0,92.96
95.0,95.095
94.0,94.0
94.0,94.0
93.0,94.67
96.0,92.19
94.0,94.0
94.0,94.0
90.5,93.26
90.0,96.03
84.0,92.06
98.0,92.58
91.0,93.915
97.0,94.215
94.0,94.0
91.0,92.2
95.0,91.88
96.0,93.635
96.0,94.32
91.0,92.14
97.0,92.44
91.0,94.175
95.0,92.89
94.0,94.0
93.0,91.845
94.0,94.0
94.0,94.0
86.0,94.185
91.0,92.205
92.0,94.37
94.0,94.0
89.0,91.86
86.0,93.26
96.0,95.74
94.0,94.0
97.0,90.935
95.0,94.265
92.0,93.4
97.0,95.1
94.0,94.0
90.5,91.67
94.0,94.0
94.0,94.0
89.0,93.055
93.0,90.965
93.0,93.975
90.0,91.71
94.0,94.0
98.0,92.055
78.0,90.055
97.0,92.51
93.0,90.79
94.0,94.0
94.0,94.31
95.0,93.01
99.0,94.66
94.0,94.0
97.0,94.19
94.0,94.0
94.0,94.0
92.0,92.65
97.0,95.755
93.0,92.32
94.0,92.815
94.0,94.0
99.0,93.125
94.0,93.685
93.0,92.88
97.0,94.405
90.5,93.205
96.0,95.95
89.0,93.725
91.0,93.685
94.0,94.0
93.0,94.065
94.0,92.235
96.0,94.375
94.0,94.0
93.0,94.9
94.0,94.0
94.0,94.0
94.0,94.0
92.0,93.74
93.5,92.005
94.0,94.0
92.0,95.095
97.0,92.605
95.0,95.41
89.0,90.695
97.0,94.945
95.0,93.2
90.0,92.33
94.0,94.0
94.0,94.0
93.0,94.055
94.0,93.97
92.0,93.39
94.0,94.0
94.0,94.0
94.0,94.0
94.0,94.0
97.0,93.11
94.0,93.775
92.0,92.15
94.0,94.0
88.0,92.45
90.0,92.935
95.0,94.68
97.0,90.975
94.0,95.295
94.0,92.325
92.5,93.87944444444446
96.0,92.735
94.0,94.0
96.0,92.795
95.0,94.48
88.0,92.085
91.0,94.425
94.0,92.855
94.0,94.0
95.0,93.445
94.0,94.0
89.0,93.05
97.0,93.175
94.0,94.0
94.0,94.0
95.0,93.66
92.0,93.12
93.0,93.695
96.0,94.195
94.0,94.0
87.0,93.36
96.0,93.11
92.0,94.78
98.0,92.48
92.0,93.515
91.0,92.14
99.0,93.24
90.0,92.985
94.0,94.0
89.0,92.69
94.0,94.0
88.0,91.345
94.0,94.0
87.0,91.4
97.0,94.23
98.0,94.96
89.0,93.49
94.0,94.0
94.0,91.125
87.0,92.66
98.0,94.3
98.0,92.935
83.0,93.515
96.0,95.12
96.0,91.1
94.0,94.0
94.0,92.015
94.0,94.0
94.0,94.0
94.0,94.0
90.0,93.37
91.0,94.295
94.0,94.0
90.0,93.12
90.0,93.27
92.0,93.275
92.0,93.7
93.0,95.375
88.0,90.875
94.0,94.0
94.0,94.115
96.5,94.225
89.0,90.635
94.0,94.0
98.0,92.965
89.0,93.28
98.0,93.53
97.0,91.395
93.0,92.565
93.0,94.29
94.0,94.0
98.0,95.415
90.0,93.59
87.0,93.5866646851171
91.0,92.245
81.0,92.105
94.0,94.0
93.5,92.29
93.0,94.565
93.0,94.55
93.0,94.125
97.0,95.055
95.0,93.935
91.0,93.925
89.0,93.075
96.0,93.745
94.0,94.0
92.0,92.175
94.0,94.0
94.0,93.025
91.5,88.99
97.0,94.1
95.0,93.81
94.0,94.0
98.0,95.07
96.0,92.32
96.0,94.965
96.0,95.405
94.0,92.92
97.0,94.985
97.0,92.685
95.0,92.965
94.0,94.0
94.0,94.0
94.0,93.965
95.0,93.93
96.0,92.91
87.0,93.88
93.0,94.04
94.0,93.83
94.0,92.13
99.0,95.895
89.0,92.86
96.0,92.465
98.0,93.715
86.0,85.71
97.0,94.495
94.0,94.0
92.0,92.725
94.0,94.0
94.5,91.55
95.0,92.31
94.0,94.0
96.0,92.85
94.0,94.51
92.0,94.175
95.0,92.735
97.0,95.45
94.0,92.255
92.0,94.765
90.0,92.495
96.0,92.04
94.0,94.0
96.0,94.81
95.0,93.345
94.0,94.0
96.5,92.035
97.0,94.61
99.0,93.69
94.0,94.0
87.0,94.115
94.0,94.0
97.0,92.12
90.0,92.45
98.0,95.66
97.0,91.715
94.0,94.0
98.0,91.98
94.0,94.0
95.0,95.1
85.5,92.255
91.0,93.645
93.0,93.495
96.0,94.795
98.0,93.605
94.0,94.0
98.0,93.795
97.0,93.515
90.0,92.525
96.0,91.915
93.0,93.12
90.0,91.615
89.0,94.605
88.5,91.3
94.0,94.0
93.0,93.065
97.0,94.18
92.0,93.785
91.0,94.055
94.0,94.0
95.0,93.475
92.0,93.55
97.0,95.115
98.0,94.105
86.0,91.82
96.0,91.81
95.0,93.275
96.0,93.75
95.0,92.955
91.0,93.645
89.0,93.83
94.0,94.0
94.0,92.755
95.0,92.71
92.0,92.855
97.0,93.845
87.0,92.69
96.0,92.815
93.5,93.755
94.0,92.25
86.5,91.265
92.0,92.625
96.0,95.0
90.0,93.93
98.0,94.29
85.0,92.99
94.0,92.48
95.0,94.205
91.0,94.05
91.0,93.315
97.0,95.675
96.0,92.9
94.0,94.0
92.5,93.285
98.0,97.195
90.0,91.64
94.0,94.0
94.0,94.255
94.0,94.0
86.0,94.43
89.0,92.965
95.0,92.795
95.0,97.22
97.0,94.65
95.0,93.43
88.0,93.48
89.5,93.895
96.0,93.66
94.0,94.28
96.5,92.25
96.0,93.87
91.5,93.705
93.0,91.38
95.5,93.925
94.0,94.0
93.0,90.855
92.0,94.485
92.0,92.545
94.5,92.36
94.0,94.0
88.0,92.185
96.0,92.405
96.5,92.0
91.5,94.39
93.0,94.06
94.0,92.615
96.0,93.815
97.0,93.59
94.0,94.0
94.0,93.625
92.0,91.905
94.5,93.225
97.0,95.58
85.0,92.465
94.0,94.325
96.0,93.58
100.0,93.87
94.0,94.0
90.5,93.245
97.0,92.075
94.0,94.0
85.0,93.685
95.0,92.555
94.0,93.78
94.0,94.215
94.0,94.0
99.0,92.62
99.0,96.415
94.0,94.0
91.0,92.785
98.0,92.385
100.0,94.305
94.0,94.0
97.0,93.33
94.0,94.0
94.0,94.0
94.0,94.275
96.0,93.9
99.0,93.44
94.5,92.785
91.0,95.405
91.0,93.13
92.0,94.915
94.0,94.0
97.0,93.16
93.0,92.94
96.0,94.625
94.0,94.505
92.0,93.435
95.0,91.72
90.0,92.86
95.0,94.405
94.0,91.985
93.0,91.695
94.0,93.43
94.0,94.0
97.0,91.12
97.0,92.56
95.0,93.83
94.0,94.0
96.0,94.59
94.0,94.0
94.0,94.0
94.0,94.0
96.0,94.44
94.0,94.285
96.0,93.79
91.0,93.215
96.0,93.87
87.0,92.36
95.0,93.945
96.0,96.06
88.0,92.815
95.5,92.46
91.0,93.835
93.5,92.705
95.0,93.5
93.0,92.695
92.0,91.655
97.0,90.945
96.0,92.91
94.0,94.47
92.0,94.03
94.0,94.0
85.0,92.91
93.0,91.4
94.0,94.925
99.0,95.32
95.0,94.215
94.0,94.0
94.0,91.84
90.0,94.82
93.0,94.315
90.0,92.125
94.0,94.18482417582418
94.0,93.695
96.0,95.035
91.0,91.04
94.0,94.0
95.0,93.76496031746032
95.0,92.67
91.0,92.99
92.0,93.62
98.0,93.56
94.0,94.0
94.0,94.0
96.0,93.845
81.0,92.595
96.0,95.785
94.0,94.0
98.0,93.4
98.0,96.545
94.0,94.0
94.0,94.0
94.0,94.0
96.0,93.78166666666668
93.0,92.555
88.0,92.955
98.0,94.295
93.0,94.095
94.0,94.0
96.0,92.985
91.0,93.975
97.0,93.645
92.0,93.03
95.0,93.495
94.0,93.385
88.0,92.83
92.0,91.65
97.0,93.51
94.0,94.0
91.0,92.185
95.0,94.145
89.0,94.505
99.0,93.82
96.0,93.34
96.0,91.86
93.0,93.83
87.0,93.16
91.0,92.47
94.0,95.72
95.0,94.44
94.0,94.0
94.0,94.0
94.0,94.0
91.0,92.815
96.0,95.77
96.0,95.285
95.5,94.94
95.0,95.135
92.5,92.86
90.0,91.875
92.0,93.785
94.0,94.0
92.5,92.93
95.0,93.005
94.0,93.595
81.0,92.955
97.0,93.05
98.0,95.475
97.0,93.985
94.0,94.0
89.0,92.01
97.0,94.84
96.0,92.445
99.0,95.59
90.0,93.325
94.0,94.0
94.0,94.0
94.0,94.0
94.0,94.0
90.0,92.135
85.0,91.75
92.0,94.39
95.0,93.71
99.5,92.905
94.0,94.2
92.0,93.545
92.0,93.31
94.0,94.0
94.0,94.81
88.0,92.625
95.0,94.175
94.0,94.43
94.0,94.0
91.0,92.585
94.0,94.0
93.0,91.86
92.0,92.725
94.0,94.0
86.0,93.105
92.0,92.6
94.0,94.0
91.5,91.72
93.0,92.48
87.0,89.815
92.0,88.75
99.0,92.975
91.0,94.585
98.0,93.46
94.0,94.0
96.0,92.27
93.0,95.26428571428572
94.0,94.88
95.5,93.125
94.0,94.0
89.0,90.11
90.0,92.21
98.0,92.155
93.0,94.395
99.0,92.165
86.0,94.195
90.0,89.595
91.0,93.735
91.0,92.77
97.0,92.645
90.0,92.05
98.0,94.92
94.0,93.27
93.0,94.01
91.0,93.655
96.0,93.48
94.0,94.0
87.5,94.025
94.0,93.88
96.0,96.62
96.0,94.085
93.0,93.9
94.0,94.0
96.0,91.37
95.0,92.17
94.0,94.0
88.0,93.895
90.0,92.61
97.0,92.685
94.0,93.65
92.0,94.16
99.0,94.62
96.0,94.255
89.0,93.815
89.0,93.505
96.0,94.02
97.0,92.885
94.0,94.0
94.0,94.02
92.0,91.36
98.0,93.91
94.0,94.0
90.0,92.215
94.0,91.95
96.0,94.09
97.5,93.73
96.0,92.385
96.0,92.585
99.0,93.095
94.0,94.0
94.0,94.0
93.0,93.525
86.0,93.76
95.0,92.95
95.0,92.985
94.0,94.0
93.0,96.05
93.5,93.195
91.0,93.82
91.0,93.39
92.0,93.065
96.0,94.835
94.0,94.0
92.5,94.39
94.0,94.0
94.0,94.0
96.0,93.455
89.0,92.08736111111111
93.0,91.205
94.0,94.0
90.0,95.41
96.0,94.76
94.0,94.0
96.0,93.93
91.0,92.055
96.0,94.455
96.0,93.62575000000001
95.0,95.25
96.0,92.42
94.0,93.895
90.0,93.72
96.0,95.18
94.0,93.89
97.0,93.675
93.0,92.86
94.0,94.0
97.0,94.035
94.0,94.0
92.0,94.625
96.0,93.07
94.0,93.56
96.0,92.565
94.0,91.905
94.0,94.0
97.0,93.115
100.0,91.865
95.0,94.49
94.0,92.745
94.0,93.295
94.0,94.0
93.0,92.305
94.0,94.0
94.0,94.0
87.5,95.375
97.0,95.165
86.0,92.51
96.0,93.38
94.0,93.9
96.0,91.43
90.0,94.47
95.0,91.825
90.0,90.66
97.0,91.775
94.0,94.0
94.0,94.0
95.0,92.91
90.0,92.64
96.0,95.575
95.0,93.70928571428573
92.0,93.995
94.0,94.0
95.0,93.055
95.0,94.935
96.0,93.09
96.0,92.72
94.0,94.0
94.0,94.0
94.0,94.0
99.0,93.845
94.0,92.905
96.5,92.945
92.0,94.255
92.0,92.345
90.0,95.245
93.0,94.41
95.0,92.555
95.0,95.165
99.0,94.585
97.0,94.515
93.0,94.61
97.0,94.215
90.0,93.92
94.0,94.0
94.0,94.0
95.0,94.345
94.0,94.0
90.0,92.215
94.0,94.0
95.0,93.535
93.0,93.535
94.0,94.0
88.0,93.4
87.0,93.135
94.0,95.54
92.0,95.975
88.0,92.855
88.5,93.86
89.0,93.915
94.0,94.0
94.0,94.0
94.0,94.0
94.0,94.0
95.0,93.095
89.0,92.485
90.5,94.295
93.0,95.175
94.0,94.0
86.0,94.055
94.0,94.475
94.0,94.0
94.0,94.0
94.0,94.0
97.5,93.64
92.0,92.36
96.0,94.955
95.0,95.03
90.5,92.64
92.0,93.27
93.0,91.33
90.0,93.9
92.0,93.99
96.0,91.985
95.0,91.95
93.0,93.215
98.0,92.97
91.5,93.705
95.0,95.88
94.0,94.0
97.0,95.985
96.0,92.805
94.0,94.0
97.0,93.79
99.0,93.03
94.0,94.0
90.0,92.41
88.0,93.105
97.0,95.02
94.0,91.75
97.0,92.035
95.0,91.395
94.0,94.0
97.0,94.65
89.0,94.115
93.0,95.085
91.0,93.55
83.0,93.92
96.5,93.905
92.0,91.875
85.0,95.275
94.5,91.335
97.0,94.035
94.0,94.0
94.0,93.32
93.0,92.76
98.0,94.25
94.0,94.0
93.0,92.48
95.0,94.28
97.0,93.16
94.0,94.0
88.0,95.66
88.0,92.29
94.0,94.0
93.0,95.22
98.5,94.585
94.0,94.0
89.0,93.68
96.0,95.3
94.0,94.0
92.0,92.845
94.0,94.0
94.0,94.47
87.0,91.515
94.0,94.0
89.0,93.5
95.0,92.635
95.0,92.09
94.0,94.0
94.0,94.0
94.0,93.91
95.0,93.3
92.0,91.13
94.0,95.435
94.0,94.04
92.0,94.205
92.0,93.995
91.0,93.515
92.0,93.725
96.0,93.755
94.0,94.0
90.0,92.535
97.0,94.86
94.0,94.0
90.0,94.02
95.0,93.085
97.0,93.055
94.0,94.0
94.0,94.0
89.0,94.905
92.0,92.22
94.0,94.0
97.0,95.445
88.0,93.04
89.0,94.6
96.0,93.65
95.0,93.79
93.0,92.3
94.0,94.0
86.0,93.985
91.0,93.205
85.0,94.48
98.0,93.325
92.0,92.835
94.0,92.745
94.0,93.755
93.0,93.03
93.0,93.915
97.0,96.145
95.0,94.39
87.0,93.95
93.0,93.34
87.0,93.425
89.0,94.31
94.0,94.83
95.0,94.415
94.0,94.0
91.0,92.395
89.0,91.415
90.5,89.075
94.0,93.43
95.0,93.315
97.0,94.195
94.0,92.79
91.0,92.505
92.0,91.905
94.0,92.64
97.0,92.96
96.0,93.39
96.0,95.835
87.0,90.695
87.0,90.035
91.0,94.185
90.0,92.165
91.0,92.615
94.0,94.0
96.5,92.935
99.0,92.125
97.0,94.97
90.0,94.425
96.0,93.25
92.0,93.515
93.0,90.515
96.0,94.58
95.0,92.57
98.0,93.51
97.0,94.845
98.0,93.78
94.0,94.0
96.0,93.165
97.0,95.575
90.5,94.1
88.0,90.065
91.5,93.205
94.0,94.0
96.0,93.89
94.0,94.0
97.0,93.2
97.0,93.35
99.0,92.9
94.0,93.935
91.0,93.535
91.0,93.09
96.0,92.875
94.0,93.95
95.0,94.285
88.5,92.44
96.0,91.95
96.0,92.695
87.0,92.74
93.5,93.68
96.0,94.705
94.0,94.0
94.0,94.0
87.0,93.995
96.0,92.08
97.0,92.385
95.0,94.315
96.0,94.665
94.0,94.0
98.0,94.475
92.0,94.215
95.0,94.425
94.0,92.3
96.0,92.74
94.0,94.0
94.0,94.0
95.0,94.32
95.0,92.925
94.0,93.93
97.5,92.94
97.0,93.36
91.0,93.325
98.0,95.04
95.0,93.11
94.0,94.0
96.0,93.52
96.0,91.94
95.0,91.005
97.0,92.345
92.0,92.935
86.0,93.885
96.0,94.685
90.0,91.75
89.0,92.53
94.0,94.0
94.0,94.0
94.0,94.125
90.0,92.925
87.0,92.28
99.0,94.995
94.0,95.055
92.0,95.66
82.5,91.375
100.0,91.915
96.0,93.88
94.0,94.0
90.0,92.605
94.0,93.49
91.5,93.015
94.0,93.545
93.0,95.885
88.0,94.3
97.0,94.335
95.0,91.865
94.0,94.0
93.0,93.415
94.0,94.0
93.0,91.915
96.0,93.9
94.0,94.0
98.0,95.42
94.0,94.0
100.0,92.815
99.0,91.79
97.0,93.78
88.0,93.46
96.0,91.36
94.0,94.0
95.0,94.335
94.0,94.0
94.0,92.275
97.0,92.73084213009213
93.0,92.305
94.0,94.0
95.0,92.22
94.0,94.0
94.5,95.91
94.0,93.365
94.0,94.0
86.0,93.315
90.0,91.315
94.0,94.0
91.0,93.57
97.0,94.385
94.0,93.87
95.0,94.965
86.0,92.95
97.0,92.875
94.0,94.0
93.0,94.005
93.0,93.995
94.0,94.0
92.5,93.415
96.0,93.905
98.0,94.52
88.0,91.34
94.0,92.045
94.0,94.0
97.0,95.37
96.0,92.865
96.0,94.86
92.0,92.025
91.5,92.23
95.0,94.965
97.5,94.535
94.0,94.0
94.0,94.0
96.0,92.305
93.0,94.05
94.0,94.35
94.0,93.945
94.5,93.32
94.0,94.0
94.0,92.57
99.0,94.06
94.0,94.0
93.0,93.0
94.0,94.0
91.0,93.75
97.0,93.825
91.0,96.02
94.0,93.38
88.0,92.28
98.0,90.38
91.0,91.08
93.5,92.89
94.0,94.0
94.0,92.7
91.0,93.34
94.0,94.0
95.0,92.02
87.0,91.76
95.0,92.89
93.0,95.0
94.0,94.0
91.0,93.17
94.0,94.0
93.0,93.66
97.0,94.84
92.0,95.955
94.0,94.0
90.0,93.16
99.0,95.5
94.0,94.0
87.0,92.56
95.0,93.06
93.0,92.735
91.0,92.515
96.0,94.89
89.0,91.975
94.0,92.495
94.0,94.0
96.0,94.345
94.0,94.0
100.0,96.205
95.0,93.26
99.0,92.37
94.0,94.0
96.0,94.43
93.0,93.16
90.0,94.68
96.0,91.945
95.0,95.05
94.0,94.0
94.0,94.0
96.0,93.795
94.0,94.0
90.5,93.145
94.0,94.0
94.0,94.0
94.0,93.56
95.0,94.605
86.0,92.49
91.0,95.565
93.5,92.32
94.0,93.495
99.0,94.035
94.0,94.0
97.0,93.415
98.0,92.375
95.0,93.28
94.0,94.0
92.0,93.735
92.0,93.08
98.0,93.67
97.0,90.555
89.0,91.865
93.0,91.85
94.0,94.0
94.0,93.34
94.0,94.0
94.0,94.0
99.0,93.005
92.0,93.11
93.0,93.895
92.0,93.325
98.0,92.96
92.0,93.875
92.0,93.205
97.0,92.83
97.0,95.9
95.0,92.7
92.0,92.28
93.0,91.52
98.0,92.73
94.0,92.27
99.0,92.28
97.0,94.025
89.0,92.325
94.0,93.085
95.0,92.31
95.5,93.815
95.5,93.65
96.0,94.73
98.0,92.27
98.0,91.98
94.0,92.395
97.0,93.91
94.0,94.0
85.0,92.56
93.0,94.18
94.0,94.0
94.0,93.87
98.0,93.51956590549975
91.0,92.095
99.0,95.47
93.0,91.28
94.0,93.56
90.0,94.325
94.0,94.0
99.0,95.505
98.0,92.925
94.0,91.35
95.0,90.425
92.0,92.21
89.5,92.695
94.0,94.0
96.0,95.58
96.0,95.15
97.0,91.9
94.0,92.87
96.0,93.42
94.0,93.845
94.0,92.615
96.0,93.43
93.0,93.285
89.0,94.18
94.0,94.0
95.0,95.045
93.0,93.015
99.0,93.615
92.0,92.67
95.0,92.425
99.0,94.285
95.0,93.585
94.0,94.0
95.0,93.655
97.0,93.55
99.0,94.75
98.5,92.19
93.5,93.76
93.0,95.075
92.0,93.105
94.0,94.0
94.0,94.03
93.0,93.75
97.0,93.695
89.0,92.555
88.0,91.9
94.0,94.0
89.0,92.33
91.0,93.0
97.0,95.095
94.0,93.32
89.0,93.07
87.0,92.815
97.0,95.14
90.0,93.29
90.0,93.015
97.0,94.22
90.0,92.93
94.5,92.15
85.0,91.155
97.0,94.085
99.0,94.275
94.0,94.0
94.0,94.0
94.0,92.245
94.0,92.34
95.0,92.82
93.5,93.09
94.0,94.0
96.0,93.485
90.0,94.0
98.0,95.68
94.0,94.0
89.0,93.03
97.0,95.72
94.0,93.74
95.0,93.475
95.0,94.185
96.0,92.29
97.0,95.035
99.0,93.655
95.0,95.925
94.0,93.955
94.0,94.0
89.0,94.66
87.0,95.325
87.5,93.43
93.0,94.69
94.0,94.0
99.0,92.74
92.0,90.165
94.0,93.97
96.0,91.985
100.0,93.01
95.0,92.675
94.0,91.22
89.0,92.295
94.0,94.0
95.0,93.53
94.0,94.0
98.0,92.34
98.0,93.705
95.0,94.655
91.0,94.345
91.5,92.75
94.0,92.445
95.0,94.64
92.0,92.265
92.0,93.255
92.0,93.755
93.0,93.305
94.0,93.385
92.0,93.29
89.5,92.585
94.5,93.625
94.0,95.145
92.0,93.655
95.0,93.115
92.0,91.505
88.0,94.03
96.0,93.33
96.0,94.795
93.0,92.665
94.0,94.0
98.0,92.735
90.5,90.7
100.0,93.375
95.0,92.44
91.5,93.255
97.5,92.08
97.0,93.325
91.5,94.205
94.0,92.6
95.0,92.37
94.0,93.7
97.5,93.845
97.0,95.5
89.0,93.54
89.0,92.28
98.5,93.405
94.0,93.72
97.0,93.965
95.0,91.725
90.0,93.29
96.0,92.6
90.0,92.885
98.0,92.95
88.0,91.61
93.0,94.79
94.0,94.0
95.0,95.13
94.0,92.76
97.0,93.015
95.0,94.575
97.0,93.3
94.0,94.0
92.0,92.49
98.0,94.47
94.0,94.0
94.0,94.0
94.0,94.0
97.0,94.96
91.0,92.765
95.0,93.745
93.0,94.985
91.0,95.645
96.0,94.37
85.0,91.625
90.5,92.25
90.0,93.52
96.0,95.14
90.5,93.48
92.0,94.215
94.0,94.14
94.0,95.495
98.0,93.345
93.0,95.355
93.0,95.33
94.0,94.0
94.0,94.0
92.5,91.91
94.0,93.49
98.0,93.01422745310245
91.0,94.045
91.0,94.645
94.0,94.0
95.0,94.545
94.0,94.0
92.0,93.26
94.0,94.0
95.0,92.49
93.0,93.395
90.0,93.155
94.0,94.0
97.5,93.25
95.0,93.67
93.0,92.98
87.0,92.715
93.0,92.935
94.0,94.0
94.0,94.0
94.0,94.0
98.0,92.63
98.0,93.22
96.0,95.345
99.0,93.185
96.0,94.315
89.0,92.55
95.0,93.34
94.0,94.0
94.0,92.06
95.0,91.96
94.0,94.01
94.0,94.0
91.5,92.555
94.0,92.565
95.0,93.105
87.5,92.97
94.0,94.0
85.0,90.385
96.0,91.57
91.0,93.035
97.0,92.51
95.0,93.9
94.0,94.0
94.0,94.0
94.0,94.0
92.0,94.95
94.0,94.0
97.0,93.44
89.5,92.79
93.0,93.485
97.0,95.475
94.0,93.08
90.0,94.29
94.0,94.0
94.0,94.0
85.0,93.305
92.5,92.155
90.0,91.5
94.0,94.0
89.0,93.005
94.0,94.005
95.0,92.69
94.0,94.0
94.0,93.96
95.5,93.005
94.0,94.0
95.0,93.185
87.0,92.965
94.0,93.58
98.0,95.155
93.0,94.135
94.0,94.0
94.0,94.0
94.0,94.0
96.0,94.4
94.0,94.0
84.0,93.055
85.0,93.26
94.0,94.0
93.0,94.325
97.0,92.07
94.0,92.17
94.0,94.0
94.0,94.0
97.0,97.13
98.0,92.205
94.0,94.1
79.5,91.825
96.5,93.41
92.0,93.485
92.0,92.105
94.0,94.0
87.0,94.455
93.0,93.235
92.0,92.34
98.0,95.775
97.0,95.255
94.0,93.495
93.0,91.815
93.0,90.85
95.0,92.75
94.0,94.0
88.5,91.545
94.0,94.665
93.0,96.66799999999999
94.0,93.525
96.0,92.08
94.0,92.89
100.0,93.89
89.5,95.01
97.0,93.27
93.0,92.98
92.0,95.15
94.0,94.0
94.0,94.0
94.0,94.0
94.0,94.0
94.0,94.0
96.0,93.91
88.0,94.045
92.0,92.4
95.0,92.555
95.0,93.935
97.0,93.825
99.0,94.17
95.5,92.76
95.0,94.79
94.0,93.7
88.5,92.2
94.0,94.0
94.0,94.0
91.0,93.535
93.0,92.865
97.0,93.655
96.0,93.68
94.0,94.0
92.0,93.015
95.0,95.48
95.0,94.475
94.0,94.0
93.0,91.44
96.0,94.33
94.0,94.0
95.0,91.715
88.0,93.28
85.0,93.795
87.0,92.85
97.0,92.085
94.0,94.0
94.0,94.0
85.0,94.475
83.5,92.705
92.0,94.975
95.0,92.795
92.5,93.195
88.0,92.725
95.0,93.54
92.0,93.71
97.0,93.805
98.0,93.82
92.0,93.03
88.0,93.32
93.0,93.765
91.0,93.46
93.5,93.14
96.0,96.565
96.0,92.485
89.0,92.945
96.0,92.485
96.0,93.97
88.0,93.035
99.0,94.18
89.0,93.38
94.0,90.215
94.0,94.0
94.0,94.0
91.0,92.795
94.0,93.735
94.0,93.89
94.0,94.0
95.0,93.685
93.0,95.355
94.0,92.375
85.0,93.56
98.0,95.115
94.0,94.0
94.0,93.97
93.0,93.88799999999999
97.0,96.775
97.0,89.93833333333332
94.0,94.0
98.0,94.465
98.0,94.305
93.0,92.78
87.0,92.785
94.0,94.0
88.0,93.06
97.0,92.185
83.5,92.47
97.0,92.85
98.0,92.29
90.0,92.165
88.0,92.63
94.0,92.215
96.0,92.835
99.0,93.82
93.0,92.77
92.0,93.15
97.0,93.0
93.0,93.53
91.5,92.085
93.5,92.32
94.0,94.0
92.0,91.805
86.0,91.27
93.0,93.84
96.0,95.24606257631258
94.0,94.0
94.0,94.0
96.0,93.75
94.0,94.0
98.0,92.5115
94.0,94.0
93.0,92.62625
94.0,94.0
94.0,94.0
92.0,93.275
96.0,93.985
94.0,94.0
94.0,93.87
94.0,94.0
88.0,94.68
85.0,93.49
87.0,93.865
87.0,92.415
94.0,94.0
94.0,93.735
94.0,92.96
84.0,91.32
86.0,91.51
86.0,93.045
94.0,91.325
95.0,92.775
99.0,93.135
93.0,94.13
95.0,92.53
85.0,92.47
94.0,93.74
94.0,94.0
92.0,93.255
94.0,94.0
94.0,94.405
94.0,93.01
91.0,94.415
93.0,93.695
98.5,91.11
94.0,94.89
87.0,91.17
92.0,92.165
88.0,92.955
96.0,92.055
89.0,92.475
97.0,93.613
96.0,94.325
94.0,94.0
97.0,94.22
94.0,93.91
96.0,93.935
95.0,93.375
94.0,92.805
88.0,92.105
93.0,91.93
91.0,92.815
92.0,93.1
94.0,94.0
94.0,92.845
94.0,94.0
91.0,92.535
94.0,94.0
87.0,92.095
93.5,92.75
90.0,93.89
90.0,93.345
87.0,88.765
97.0,92.41
88.0,92.42
98.0,93.98
94.0,94.0
100.0,93.53
90.0,92.3
94.0,94.0
98.0,94.75
95.0,93.715
94.0,91.63
92.0,93.265
94.0,94.0
89.0,92.9
95.0,93.66
98.0,91.505
95.0,93.495
94.0,94.0
95.0,95.0
96.0,93.975
90.0,93.205
89.0,93.44
86.0,89.57
93.0,90.64
98.0,94.53
95.0,92.8
94.0,94.0
92.0,94.25
90.0,91.745
86.0,94.5
87.0,92.24
90.0,91.045
93.0,91.005
95.0,91.815
91.5,93.975
96.0,93.495
90.0,94.235
91.0,91.975
95.0,93.91
96.0,93.11
93.0,92.735
89.0,92.565
94.0,94.0
97.0,94.675
86.0,92.76
94.0,94.0
92.0,92.19
95.0,92.93
95.0,93.99
99.0,94.225
93.0,93.04
94.0,94.0
94.0,94.0
97.0,95.735
97.0,95.71
94.0,94.0
95.0,95.29
95.0,93.135
93.0,93.35
94.0,93.17
96.0,92.73
94.0,94.0
91.0,92.585
92.0,92.47
97.0,91.56
96.0,93.755
89.0,93.26
94.0,93.555
94.0,94.0
89.0,93.34
94.0,94.0
94.0,94.055
96.0,94.705
94.0,94.0
94.0,94.0
92.0,94.1
94.0,90.67
86.0,92.505
94.0,92.325
94.0,96.345
96.0,94.415
87.0,92.69
94.0,94.0
93.0,95.44
96.5,91.995
94.0,93.83
90.5,92.54
94.0,94.125
99.0,94.5
94.0,93.64
96.0,93.9
96.0,94.235
94.0,94.0
94.0,95.555
91.0,92.65
97.0,95.14
96.0,93.51
94.0,94.0
94.0,94.0
94.0,94.0
96.0,94.775
97.0,92.515
97.0,91.96
94.0,94.0
91.0,93.43
94.0,94.0
93.0,94.045
94.0,94.26
94.0,92.605
97.0,94.86
94.0,94.0
98.0,93.945
96.0,93.84
94.0,94.0
95.0,93.685
90.5,91.53
96.0,93.05
94.0,94.0
97.0,91.475
95.0,95.035
93.0,92.315
93.0,93.085
95.0,92.67
94.0,91.67
95.0,93.78
91.0,92.9
89.0,93.185
95.0,93.065
96.0,92.265
94.0,94.0
89.0,91.635
94.0,94.0
96.0,92.85
98.0,93.68
94.0,93.755
98.0,90.865
96.0,94.24
94.0,94.0
99.0,94.395
94.0,94.0
92.5,91.99
96.0,92.995
93.0,92.295
95.5,94.745
95.0,93.855
94.0,94.0
95.0,93.33
94.0,93.94
94.5,93.84
87.0,90.02
94.0,93.205
96.0,94.215
99.0,95.03
89.5,92.945
95.0,93.22
92.0,92.375
96.0,93.95
89.0,95.54
93.0,94.055
98.0,94.265
96.0,94.165
90.5,91.565
95.5,92.96
95.0,93.305
90.0,92.21
93.0,93.08
99.0,95.41
90.0,93.44
95.0,94.93
95.0,93.35
95.0,94.03
96.0,93.65
88.0,94.805
96.0,94.835
98.0,92.725
95.0,95.125
91.0,90.15
93.0,90.12
94.0,94.0
94.0,94.0
96.0,93.33
92.0,92.475
91.0,92.67
94.0,93.92
92.0,94.59
93.0,93.475
96.0,93.075
96.0,91.055
94.0,94.0
98.0,95.85
98.0,96.21
98.0,91.805
89.0,91.735
97.0,94.16
89.0,91.205
96.5,93.45
94.0,94.0
94.0,93.94
96.0,95.315
96.0,95.515
96.0,92.84
87.0,93.035
94.0,93.965
97.5,94.47
91.0,93.48
97.0,94.42
87.0,93.31
95.0,93.48
91.0,91.085
89.0,92.205
97.0,93.945
94.0,94.0
94.0,91.515
88.0,90.72
87.0,93.735
96.0,93.9
91.0,91.49
94.0,91.495
94.0,94.0
91.0,92.19
95.0,94.3
93.0,93.46
88.0,92.04
94.0,93.32
98.0,94.69
94.0,94.0
94.0,94.16111111111111
93.0,94.505
87.0,88.92
95.0,92.955
95.0,93.075
96.0,93.325
96.0,94.45
99.0,94.05
89.0,90.235
92.0,93.41
94.0,94.0
98.0,95.205
97.0,93.55
94.0,94.0
94.0,94.0
94.0,94.0
94.0,93.465
93.5,94.725
95.0,93.87
98.0,95.635
90.5,94.38
96.0,95.15789876545024
96.0,93.735
94.0,94.0
94.0,94.285
90.5,91.885
89.0,93.205
87.5,91.91
87.0,92.865
95.0,93.655
95.0,93.74
97.0,93.18
90.0,95.815
94.0,94.0
96.0,92.74
92.0,93.39
90.0,92.195
95.0,94.085
94.0,90.23
94.0,94.0
98.0,93.465
90.5,93.665
87.0,94.325
94.0,93.665
93.0,95.08
91.0,92.195
92.0,92.455
87.0,92.535
91.0,92.32
88.0,93.71
94.0,94.0
94.5,92.415
94.0,94.0
99.0,94.52
94.0,94.0
94.0,94.0
94.0,94.0
97.0,93.945
90.0,92.085
93.5,91.185
94.0,94.0
94.0,94.04
92.0,91.975
89.0,93.755
92.0,94.595
91.0,93.67
98.0,95.03
94.0,94.0
93.0,95.23
92.0,92.26
99.0,94.045
96.0,93.965
94.0,94.0
96.0,93.355
97.0,94.245
92.5,93.02
95.0,94.8
95.5,90.79
96.0,92.96
91.5,92.255
96.0,94.55
94.0,94.0
87.0,93.34
99.0,93.52
98.0,93.935
94.0,94.05
90.0,92.665
94.0,94.0
92.0,94.025
93.0,94.77
92.0,93.39
94.0,94.0
94.0,93.425
94.0,94.0
93.0,94.38
86.0,92.29
96.0,94.205
99.0,94.21
94.0,94.0
97.0,92.905
88.5,93.05
94.0,94.0
89.0,93.12
92.0,92.165
94.0,94.0
96.0,92.865
88.5,91.555
94.0,94.0
91.0,93.74
94.0,93.445
92.0,92.585
95.0,92.185
92.0,93.465
94.0,94.0
97.0,94.56
92.0,93.59
92.0,92.18
96.0,92.865
87.0,94.9
94.0,94.0
94.0,94.0
89.0,93.855
98.0,93.985
94.0,94.0
99.0,95.125
96.0,93.49
91.0,91.915
94.0,94.0
97.0,94.235
93.0,94.36
94.0,94.0
90.0,92.44
94.0,94.0
92.0,94.15
97.0,93.77
96.0,93.35
96.0,91.14
96.0,92.85
90.0,95.345
88.0,92.115
94.0,94.0
88.0,93.39
93.0,93.63
91.0,94.465
95.0,92.44
92.0,92.91
94.0,94.0
88.0,84.015
90.5,92.03
94.0,94.0
97.0,92.37
92.0,93.38
95.0,93.715
96.0,95.255
94.0,94.0
94.0,93.56
93.0,96.415
99.0,93.02
94.0,94.0
86.0,93.26
90.0,92.73
91.0,92.705
95.0,92.965
94.0,94.0
90.0,94.56
94.0,91.77
98.0,94.935
91.5,92.63
91.0,91.98
93.0,92.39
96.0,93.995
86.0,92.325
88.0,92.14
94.0,94.0
90.0,92.57
94.0,94.0
95.0,95.69
96.0,94.27
95.0,94.685
94.0,94.0
93.5,92.685
94.0,94.0
92.5,91.99
92.0,91.41
90.5,93.015
91.0,92.45
95.5,93.495
94.0,94.0
96.5,94.025
94.5,93.065
90.0,93.065
85.0,92.47
97.0,95.715
88.0,95.085
93.0,91.7
97.0,93.91
95.0,92.775
94.0,94.0
94.0,94.0
93.0,93.635
98.0,95.425
98.0,95.6
94.0,94.0
94.0,94.0
94.0,94.0
96.5,93.635
95.0,93.53
96.0,92.515
94.0,94.0
96.0,89.37
94.5,93.735
94.0,94.0
95.0,92.5
90.0,93.075
95.0,95.105
94.0,95.865
96.0,93.085
97.0,93.9
97.0,94.885
94.0,92.795
97.0,93.445
94.0,94.0
92.0,95.45
84.0,91.62
88.0,93.7
99.0,94.705
93.0,92.55
96.0,92.16
90.0,93.515
93.0,93.895
93.0,93.03
95.0,92.685
91.0,93.075
94.0,93.1
94.0,94.0
96.0,92.115
94.0,94.0
97.0,92.875
94.0,94.0
94.0,94.0
93.0,91.77
96.0,93.2
98.0,93.51
90.0,92.115
94.0,94.0
95.0,92.61
97.0,90.6
94.0,93.94
96.0,94.075
94.0,94.0
88.0,94.23
90.5,92.67
94.0,94.0
90.0,92.935
91.0,95.355
94.0,92.77
97.0,93.83
81.0,92.24
94.0,94.26
97.0,95.21
94.0,92.72
99.0,96.04
88.0,92.24
94.0,92.33
94.0,93.96
93.0,94.205
85.0,92.845
93.0,92.32
98.0,94.56
95.0,94.55
95.0,94.41
94.0,94.135
93.0,94.495
90.0,93.755
93.0,94.51
87.0,87.96
97.0,94.205
98.0,95.0
93.0,92.32
90.0,93.025
95.5,92.59
96.5,93.23
91.0,93.65
90.0,92.58
94.0,94.0
94.0,94.0
96.5,95.295
96.0,93.155
95.0,90.24
100.0,95.185
89.0,94.225
95.0,94.08
91.0,93.3
93.0,92.905
95.0,93.35
95.0,92.585
92.5,93.5
88.0,90.465
94.0,94.0
98.0,93.38
96.0,95.605
96.5,94.59
94.0,94.0
94.0,94.0
96.0,94.0
98.0,94.28
91.0,93.18
97.0,92.28
94.0,94.0
96.0,94.155
95.0,92.91
94.0,94.0
97.0,92.675
90.0,92.68
88.0,91.415
93.0,92.79
94.0,93.165
89.0,92.065
100.0,92.505
93.5,93.195
93.0,94.11
87.5,91.105
86.0,92.57
88.0,92.425
95.0,93.585
95.0,93.695
94.0,94.765
94.0,94.0
95.0,94.395
89.0,93.135
88.0,97.315
97.0,92.87
97.0,94.93
94.0,94.15
95.5,92.46
99.0,94.6
99.0,93.235
94.5,93.42
93.0,92.38
95.0,94.7
94.0,94.0
95.0,94.275
94.0,94.0
93.0,93.34
95.0,93.03
